Date,Dernier,Ouv., Plus Haut,Plus Bas,Vol.,Variation %,Close,High,Low,Open
14/12/2017,4.89,4.89,4.89,4.89,"29,27K","5,80%",4.89,4.89,4.89,4.89
15/12/2017,5.199,5.199,5.199,5.199,"92,23K","6,32%",5.199,5.199,5.199,5.199
18/12/2017,5.588,5.588,5.588,5.588,"166,10K","7,48%",5.588,5.588,5.588,5.588
19/12/2017,6.0,6.0,6.0,6.0,"59,70K","7,37%",6.0,6.0,6.0,6.0
20/12/2017,6.3,6.3,6.3,6.3,"350,13K","5,00%",6.3,6.3,6.3,6.3
21/12/2017,6.379,6.379,6.379,6.379,"98,08K","1,25%",6.379,6.379,6.379,6.379
22/12/2017,6.0,6.0,6.0,6.0,"129,13K","-5,94%",6.0,6.0,6.0,6.0
26/12/2017,5.999,5.999,5.999,5.999,"238,34K","-0,02%",5.999,5.999,5.999,5.999
27/12/2017,5.6,5.6,5.6,5.6,"193,92K","-6,65%",5.6,5.6,5.6,5.6
28/12/2017,5.6,5.6,5.6,5.6,"181,84K","0,00%",5.6,5.6,5.6,5.6
29/12/2017,5.936,5.936,5.936,5.936,"198,43K","6,00%",5.936,5.936,5.936,5.936
02/01/2018,5.7,5.7,5.7,5.7,"1,18K","-3,98%",5.7,5.7,5.7,5.7
03/01/2018,5.499,5.499,5.499,5.499,"0,61K","-3,53%",5.499,5.499,5.499,5.499
04/01/2018,5.1,5.1,5.1,5.1,"0,68K","-7,26%",5.1,5.1,5.1,5.1
05/01/2018,5.098,5.098,5.098,5.098,"9,81K","-0,04%",5.098,5.098,5.098,5.098
08/01/2018,4.716,4.716,4.716,4.716,"20,08K","-7,49%",4.716,4.716,4.716,4.716
09/01/2018,4.622,4.622,4.622,4.622,"4,75K","-1,99%",4.622,4.622,4.622,4.622
10/01/2018,4.622,4.622,4.622,4.622,"7,95K","0,00%",4.622,4.622,4.622,4.622
11/01/2018,4.622,4.622,4.622,4.622,"2,79K","0,00%",4.622,4.622,4.622,4.622
12/01/2018,4.622,4.622,4.622,4.622,"9,41K","0,00%",4.622,4.622,4.622,4.622
15/01/2018,4.62,4.62,4.62,4.62,"3,08K","-0,04%",4.62,4.62,4.62,4.62
16/01/2018,4.6,4.6,4.6,4.6,"4,46K","-0,43%",4.6,4.6,4.6,4.6
17/01/2018,4.945,4.945,4.945,4.945,"6,73K","7,50%",4.945,4.945,4.945,4.945
18/01/2018,4.8,4.8,4.8,4.8,"0,64K","-2,93%",4.8,4.8,4.8,4.8
19/01/2018,4.704,4.704,4.704,4.704,"3,05K","-2,00%",4.704,4.704,4.704,4.704
22/01/2018,4.78,4.78,4.78,4.78,"5,23K","1,62%",4.78,4.78,4.78,4.78
23/01/2018,4.685,4.685,4.685,4.685,"1,46K","-1,99%",4.685,4.685,4.685,4.685
24/01/2018,4.8,4.8,4.8,4.8,"0,79K","2,45%",4.8,4.8,4.8,4.8
25/01/2018,5.0,5.0,5.0,5.0,"23,28K","4,17%",5.0,5.0,5.0,5.0
26/01/2018,4.82,4.82,4.82,4.82,"7,44K","-3,60%",4.82,4.82,4.82,4.82
29/01/2018,4.798,4.798,4.798,4.798,"2,75K","-0,46%",4.798,4.798,4.798,4.798
30/01/2018,4.76,4.76,4.76,4.76,"2,32K","-0,79%",4.76,4.76,4.76,4.76
31/01/2018,4.799,4.799,4.799,4.799,"3,00K","0,82%",4.799,4.799,4.799,4.799
01/02/2018,4.8,4.8,4.8,4.8,"13,84K","0,02%",4.8,4.8,4.8,4.8
02/02/2018,4.8,4.8,4.8,4.8,"0,32K","0,00%",4.8,4.8,4.8,4.8
05/02/2018,4.8,4.8,4.8,4.8,"1,59K","0,00%",4.8,4.8,4.8,4.8
06/02/2018,4.76,4.76,4.76,4.76,"1,79K","-0,83%",4.76,4.76,4.76,4.76
07/02/2018,4.799,4.799,4.799,4.799,"2,23K","0,82%",4.799,4.799,4.799,4.799
08/02/2018,4.74,4.74,4.74,4.74,"4,74K","-1,23%",4.74,4.74,4.74,4.74
09/02/2018,4.741,4.741,4.741,4.741,"1,57K","0,02%",4.741,4.741,4.741,4.741
12/02/2018,4.76,4.76,4.76,4.76,"3,66K","0,40%",4.76,4.76,4.76,4.76
13/02/2018,4.72,4.72,4.72,4.72,"1,55K","-0,84%",4.72,4.72,4.72,4.72
14/02/2018,4.98,4.98,4.98,4.98,"4,16K","5,51%",4.98,4.98,4.98,4.98
15/02/2018,5.0,5.0,5.0,5.0,"1,11K","0,40%",5.0,5.0,5.0,5.0
16/02/2018,5.197,5.197,5.197,5.197,"16,44K","3,94%",5.197,5.197,5.197,5.197
19/02/2018,5.1,5.1,5.1,5.1,"0,17K","-1,87%",5.1,5.1,5.1,5.1
20/02/2018,5.1,5.1,5.1,5.1,"985,11K","0,00%",5.1,5.1,5.1,5.1
21/02/2018,5.001,5.001,5.001,5.001,"0,31K","-1,94%",5.001,5.001,5.001,5.001
22/02/2018,4.8,4.8,4.8,4.8,"6,23K","-4,02%",4.8,4.8,4.8,4.8
23/02/2018,4.896,4.896,4.896,4.896,"2,03K","2,00%",4.896,4.896,4.896,4.896
26/02/2018,4.82,4.82,4.82,4.82,"0,75K","-1,55%",4.82,4.82,4.82,4.82
27/02/2018,4.9,4.9,4.9,4.9,"3,16K","1,66%",4.9,4.9,4.9,4.9
28/02/2018,5.0,5.0,5.0,5.0,"5,25K","2,04%",5.0,5.0,5.0,5.0
01/03/2018,5.0,5.0,5.0,5.0,"0,39K","0,00%",5.0,5.0,5.0,5.0
02/03/2018,4.998,4.998,4.998,4.998,"2,70K","-0,04%",4.998,4.998,4.998,4.998
05/03/2018,4.9,4.9,4.9,4.9,"2,63K","-1,96%",4.9,4.9,4.9,4.9
06/03/2018,5.0,5.0,5.0,5.0,"5,07K","2,04%",5.0,5.0,5.0,5.0
07/03/2018,5.2,5.2,5.2,5.2,"11,02K","4,00%",5.2,5.2,5.2,5.2
08/03/2018,4.81,4.81,4.81,4.81,"1,01K","-7,50%",4.81,4.81,4.81,4.81
09/03/2018,5.0,5.0,5.0,5.0,"2,76K","3,95%",5.0,5.0,5.0,5.0
12/03/2018,4.999,4.999,4.999,4.999,"0,60K","-0,02%",4.999,4.999,4.999,4.999
13/03/2018,4.999,4.999,4.999,4.999,"7,53K","0,00%",4.999,4.999,4.999,4.999
14/03/2018,5.18,5.18,5.18,5.18,"11,55K","3,62%",5.18,5.18,5.18,5.18
15/03/2018,5.0,5.0,5.0,5.0,"0,50K","-3,47%",5.0,5.0,5.0,5.0
16/03/2018,5.0,5.0,5.0,5.0,"7,09K","0,00%",5.0,5.0,5.0,5.0
19/03/2018,4.999,4.999,4.999,4.999,"0,60K","-0,02%",4.999,4.999,4.999,4.999
20/03/2018,5.099,5.099,5.099,5.099,"3,17K","2,00%",5.099,5.099,5.099,5.099
21/03/2018,5.03,5.03,5.03,5.03,"2,50K","-1,35%",5.03,5.03,5.03,5.03
22/03/2018,5.019,5.019,5.019,5.019,"1,62K","-0,22%",5.019,5.019,5.019,5.019
23/03/2018,5.001,5.001,5.001,5.001,"1,95K","-0,36%",5.001,5.001,5.001,5.001
26/03/2018,5.099,5.099,5.099,5.099,"0,79K","1,96%",5.099,5.099,5.099,5.099
27/03/2018,5.139,5.139,5.139,5.139,"5,41K","0,78%",5.139,5.139,5.139,5.139
28/03/2018,5.47,5.47,5.47,5.47,"7,12K","6,44%",5.47,5.47,5.47,5.47
29/03/2018,5.4,5.4,5.4,5.4,"4,71K","-1,28%",5.4,5.4,5.4,5.4
30/03/2018,5.499,5.499,5.499,5.499,"8,03K","1,83%",5.499,5.499,5.499,5.499
03/04/2018,5.342,5.342,5.342,5.342,"2,02K","-2,86%",5.342,5.342,5.342,5.342
04/04/2018,5.398,5.398,5.398,5.398,"5,84K","1,05%",5.398,5.398,5.398,5.398
05/04/2018,5.278,5.278,5.278,5.278,"6,97K","-2,22%",5.278,5.278,5.278,5.278
06/04/2018,5.26,5.26,5.26,5.26,"0,79K","-0,34%",5.26,5.26,5.26,5.26
09/04/2018,5.278,5.278,5.278,5.278,"1,61K","0,34%",5.278,5.278,5.278,5.278
10/04/2018,5.3,5.3,5.3,5.3,"3,49K","0,42%",5.3,5.3,5.3,5.3
11/04/2018,5.3,5.3,5.3,5.3,"1,70K","0,00%",5.3,5.3,5.3,5.3
12/04/2018,5.14,5.14,5.14,5.14,"2,62K","-3,02%",5.14,5.14,5.14,5.14
13/04/2018,5.1,5.1,5.1,5.1,"213,90K","-0,78%",5.1,5.1,5.1,5.1
16/04/2018,5.199,5.199,5.199,5.199,"1,83K","1,94%",5.199,5.199,5.199,5.199
17/04/2018,5.2,5.2,5.2,5.2,"1,98K","0,02%",5.2,5.2,5.2,5.2
18/04/2018,5.198,5.198,5.198,5.198,"1,18K","-0,04%",5.198,5.198,5.198,5.198
19/04/2018,5.0,5.0,5.0,5.0,"1,23K","-3,81%",5.0,5.0,5.0,5.0
20/04/2018,5.0,5.0,5.0,5.0,"1,24K","0,00%",5.0,5.0,5.0,5.0
23/04/2018,5.09,5.09,5.09,5.09,"5,35K","1,80%",5.09,5.09,5.09,5.09
24/04/2018,5.09,5.09,5.09,5.09,"2,22K","0,00%",5.09,5.09,5.09,5.09
25/04/2018,5.16,5.16,5.16,5.16,"2,21K","1,38%",5.16,5.16,5.16,5.16
26/04/2018,5.1,5.1,5.1,5.1,"7,30K","-1,16%",5.1,5.1,5.1,5.1
27/04/2018,5.1,5.1,5.1,5.1,"7,55K","0,00%",5.1,5.1,5.1,5.1
30/04/2018,5.102,5.102,5.102,5.102,"0,04K","0,04%",5.102,5.102,5.102,5.102
02/05/2018,5.198,5.198,5.198,5.198,"1,19K","1,88%",5.198,5.198,5.198,5.198
03/05/2018,5.08,5.08,5.08,5.08,"3,26K","-2,27%",5.08,5.08,5.08,5.08
04/05/2018,5.0,5.0,5.0,5.0,"3,68K","-1,57%",5.0,5.0,5.0,5.0
07/05/2018,4.999,4.999,4.999,4.999,"4,05K","-0,02%",4.999,4.999,4.999,4.999
08/05/2018,5.0,5.0,5.0,5.0,"2,53K","0,02%",5.0,5.0,5.0,5.0
09/05/2018,4.8,4.8,4.8,4.8,"1,95K","-4,00%",4.8,4.8,4.8,4.8
11/05/2018,4.61,4.61,4.61,4.61,"2,75K","-3,96%",4.61,4.61,4.61,4.61
14/05/2018,4.779,4.779,4.779,4.779,"6,60K","3,67%",4.779,4.779,4.779,4.779
15/05/2018,4.999,4.999,4.999,4.999,"0,44K","4,60%",4.999,4.999,4.999,4.999
16/05/2018,4.977,4.977,4.977,4.977,"0,45K","-0,44%",4.977,4.977,4.977,4.977
17/05/2018,4.64,4.64,4.64,4.64,"5,05K","-6,77%",4.64,4.64,4.64,4.64
18/05/2018,4.8,4.8,4.8,4.8,"2,18K","3,45%",4.8,4.8,4.8,4.8
22/05/2018,4.96,4.96,4.96,4.96,"0,65K","3,33%",4.96,4.96,4.96,4.96
23/05/2018,5.0,5.0,5.0,5.0,"3,10K","0,81%",5.0,5.0,5.0,5.0
24/05/2018,4.96,4.96,4.96,4.96,"1,02K","-0,80%",4.96,4.96,4.96,4.96
25/05/2018,4.92,4.92,4.92,4.92,"0,60K","-0,81%",4.92,4.92,4.92,4.92
28/05/2018,4.94,4.94,4.94,4.94,"1,93K","0,41%",4.94,4.94,4.94,4.94
29/05/2018,4.998,4.998,4.998,4.998,"3,83K","1,17%",4.998,4.998,4.998,4.998
30/05/2018,5.0,5.0,5.0,5.0,"1,10K","0,04%",5.0,5.0,5.0,5.0
31/05/2018,4.999,4.999,4.999,4.999,"0,33K","-0,02%",4.999,4.999,4.999,4.999
01/06/2018,5.0,5.0,5.0,5.0,"11,03K","0,02%",5.0,5.0,5.0,5.0
04/06/2018,4.92,4.92,4.92,4.92,"3,64K","-1,60%",4.92,4.92,4.92,4.92
05/06/2018,4.999,4.999,4.999,4.999,"5,50K","1,61%",4.999,4.999,4.999,4.999
06/06/2018,4.999,4.999,4.999,4.999,"3,34K","0,00%",4.999,4.999,4.999,4.999
07/06/2018,4.998,4.998,4.998,4.998,"0,78K","-0,02%",4.998,4.998,4.998,4.998
08/06/2018,4.999,4.999,4.999,4.999,"9,07K","0,02%",4.999,4.999,4.999,4.999
12/06/2018,5.097,5.097,5.097,5.097,"1,13K","1,96%",5.097,5.097,5.097,5.097
13/06/2018,5.099,5.099,5.099,5.099,"0,39K","0,04%",5.099,5.099,5.099,5.099
15/06/2018,5.16,5.16,5.16,5.16,"5,70K","1,20%",5.16,5.16,5.16,5.16
18/06/2018,5.011,5.011,5.011,5.011,"8,20K","-2,89%",5.011,5.011,5.011,5.011
19/06/2018,5.2,5.2,5.2,5.2,"0,08K","3,77%",5.2,5.2,5.2,5.2
20/06/2018,4.897,4.897,4.897,4.897,"0,42K","-5,83%",4.897,4.897,4.897,4.897
21/06/2018,4.63,4.63,4.63,4.63,"1,71K","-5,45%",4.63,4.63,4.63,4.63
22/06/2018,4.632,4.632,4.632,4.632,"0,20K","0,04%",4.632,4.632,4.632,4.632
25/06/2018,4.641,4.641,4.641,4.641,"0,69K","0,19%",4.641,4.641,4.641,4.641
26/06/2018,4.68,4.68,4.68,4.68,"3,15K","0,84%",4.68,4.68,4.68,4.68
27/06/2018,4.879,4.879,4.879,4.879,"3,54K","4,25%",4.879,4.879,4.879,4.879
28/06/2018,4.86,4.86,4.86,4.86,"0,65K","-0,39%",4.86,4.86,4.86,4.86
29/06/2018,4.86,4.86,4.86,4.86,"3,20K","0,00%",4.86,4.86,4.86,4.86
02/07/2018,4.8,4.8,4.8,4.8,"0,04K","-1,23%",4.8,4.8,4.8,4.8
03/07/2018,4.859,4.859,4.859,4.859,"3,31K","1,23%",4.859,4.859,4.859,4.859
04/07/2018,4.84,4.84,4.84,4.84,"1,56K","-0,39%",4.84,4.84,4.84,4.84
05/07/2018,4.8,4.8,4.8,4.8,"2,57K","-0,83%",4.8,4.8,4.8,4.8
06/07/2018,4.8,4.8,4.8,4.8,"3,66K","0,00%",4.8,4.8,4.8,4.8
09/07/2018,4.68,4.68,4.68,4.68,"1,42K","-2,50%",4.68,4.68,4.68,4.68
10/07/2018,4.76,4.76,4.76,4.76,"0,92K","1,71%",4.76,4.76,4.76,4.76
11/07/2018,4.759,4.759,4.759,4.759,"0,19K","-0,02%",4.759,4.759,4.759,4.759
12/07/2018,4.7,4.7,4.7,4.7,"0,78K","-1,24%",4.7,4.7,4.7,4.7
13/07/2018,4.7,4.7,4.7,4.7,"1,78K","0,00%",4.7,4.7,4.7,4.7
16/07/2018,4.701,4.701,4.701,4.701,"0,49K","0,02%",4.701,4.701,4.701,4.701
17/07/2018,4.72,4.72,4.72,4.72,"1,63K","0,40%",4.72,4.72,4.72,4.72
18/07/2018,4.8,4.8,4.8,4.8,"6,18K","1,69%",4.8,4.8,4.8,4.8
19/07/2018,4.74,4.74,4.74,4.74,"0,08K","-1,25%",4.74,4.74,4.74,4.74
20/07/2018,4.72,4.72,4.72,4.72,"0,13K","-0,42%",4.72,4.72,4.72,4.72
23/07/2018,4.701,4.701,4.701,4.701,"0,55K","-0,40%",4.701,4.701,4.701,4.701
24/07/2018,4.78,4.78,4.78,4.78,"2,64K","1,68%",4.78,4.78,4.78,4.78
25/07/2018,4.8,4.8,4.8,4.8,"6,09K","0,42%",4.8,4.8,4.8,4.8
26/07/2018,4.8,4.8,4.8,4.8,"11,61K","0,00%",4.8,4.8,4.8,4.8
27/07/2018,4.8,4.8,4.8,4.8,"10,03K","0,00%",4.8,4.8,4.8,4.8
30/07/2018,4.8,4.8,4.8,4.8,"9,75K","0,00%",4.8,4.8,4.8,4.8
31/07/2018,4.8,4.8,4.8,4.8,"0,89K","0,00%",4.8,4.8,4.8,4.8
01/08/2018,4.8,4.8,4.8,4.8,"1,55K","0,00%",4.8,4.8,4.8,4.8
02/08/2018,4.68,4.68,4.68,4.68,"17,88K","-2,50%",4.68,4.68,4.68,4.68
03/08/2018,4.76,4.76,4.76,4.76,"7,76K","1,71%",4.76,4.76,4.76,4.76
08/08/2018,4.8,4.8,4.8,4.8,"10,66K","0,84%",4.8,4.8,4.8,4.8
09/08/2018,4.72,4.72,4.72,4.72,"0,47K","-1,67%",4.72,4.72,4.72,4.72
10/08/2018,4.799,4.799,4.799,4.799,"4,25K","1,67%",4.799,4.799,4.799,4.799
13/08/2018,4.8,4.8,4.8,4.8,"1,02K","0,02%",4.8,4.8,4.8,4.8
14/08/2018,4.8,4.8,4.8,4.8,"0,27K","0,00%",4.8,4.8,4.8,4.8
16/08/2018,4.74,4.74,4.74,4.74,"2,06K","-1,25%",4.74,4.74,4.74,4.74
17/08/2018,4.74,4.74,4.74,4.74,"2,74K","0,00%",4.74,4.74,4.74,4.74
20/08/2018,4.74,4.74,4.74,4.74,"0,50K","0,00%",4.74,4.74,4.74,4.74
22/08/2018,4.8,4.8,4.8,4.8,"12,48K","1,27%",4.8,4.8,4.8,4.8
23/08/2018,4.64,4.64,4.64,4.64,"7,19K","-3,33%",4.64,4.64,4.64,4.64
24/08/2018,4.8,4.8,4.8,4.8,"1,07K","3,45%",4.8,4.8,4.8,4.8
27/08/2018,4.797,4.797,4.797,4.797,"3,16K","-0,06%",4.797,4.797,4.797,4.797
28/08/2018,4.8,4.8,4.8,4.8,"3,27K","0,06%",4.8,4.8,4.8,4.8
29/08/2018,4.799,4.799,4.799,4.799,"1,57K","-0,02%",4.799,4.799,4.799,4.799
30/08/2018,4.798,4.798,4.798,4.798,"4,82K","-0,02%",4.798,4.798,4.798,4.798
31/08/2018,4.798,4.798,4.798,4.798,"0,75K","0,00%",4.798,4.798,4.798,4.798
03/09/2018,4.7,4.7,4.7,4.7,"0,07K","-2,04%",4.7,4.7,4.7,4.7
04/09/2018,4.779,4.779,4.779,4.779,"0,79K","1,68%",4.779,4.779,4.779,4.779
05/09/2018,4.799,4.799,4.799,4.799,"2,01K","0,42%",4.799,4.799,4.799,4.799
06/09/2018,4.799,4.799,4.799,4.799,"1,23K","0,00%",4.799,4.799,4.799,4.799
07/09/2018,4.76,4.76,4.76,4.76,"3,07K","-0,81%",4.76,4.76,4.76,4.76
10/09/2018,4.698,4.698,4.698,4.698,"0,10K","-1,30%",4.698,4.698,4.698,4.698
11/09/2018,4.697,4.697,4.697,4.697,"537,46K","-0,02%",4.697,4.697,4.697,4.697
12/09/2018,4.697,4.697,4.697,4.697,"2,87K","0,00%",4.697,4.697,4.697,4.697
13/09/2018,4.6,4.6,4.6,4.6,"1,51K","-2,07%",4.6,4.6,4.6,4.6
14/09/2018,4.688,4.688,4.688,4.688,"1,64K","1,91%",4.688,4.688,4.688,4.688
17/09/2018,4.56,4.56,4.56,4.56,"0,55K","-2,73%",4.56,4.56,4.56,4.56
18/09/2018,4.6,4.6,4.6,4.6,"2,92K","0,88%",4.6,4.6,4.6,4.6
19/09/2018,4.7,4.7,4.7,4.7,"0,89K","2,17%",4.7,4.7,4.7,4.7
20/09/2018,4.7,4.7,4.7,4.7,"0,13K","0,00%",4.7,4.7,4.7,4.7
21/09/2018,4.699,4.699,4.699,4.699,"1,04K","-0,02%",4.699,4.699,4.699,4.699
24/09/2018,4.56,4.56,4.56,4.56,"4,63K","-2,96%",4.56,4.56,4.56,4.56
25/09/2018,4.651,4.651,4.651,4.651,"1,84K","2,00%",4.651,4.651,4.651,4.651
26/09/2018,4.63,4.63,4.63,4.63,"2,41K","-0,45%",4.63,4.63,4.63,4.63
27/09/2018,4.62,4.62,4.62,4.62,"1,98K","-0,22%",4.62,4.62,4.62,4.62
28/09/2018,4.64,4.64,4.64,4.64,"0,67K","0,43%",4.64,4.64,4.64,4.64
01/10/2018,4.58,4.58,4.58,4.58,"0,05K","-1,29%",4.58,4.58,4.58,4.58
02/10/2018,4.52,4.52,4.52,4.52,"0,38K","-1,31%",4.52,4.52,4.52,4.52
03/10/2018,4.59,4.59,4.59,4.59,"2,55K","1,55%",4.59,4.59,4.59,4.59
04/10/2018,4.5,4.5,4.5,4.5,"0,20K","-1,96%",4.5,4.5,4.5,4.5
05/10/2018,4.499,4.499,4.499,4.499,"0,22K","-0,02%",4.499,4.499,4.499,4.499
08/10/2018,4.48,4.48,4.48,4.48,"0,10K","-0,42%",4.48,4.48,4.48,4.48
09/10/2018,4.46,4.46,4.46,4.46,"0,47K","-0,45%",4.46,4.46,4.46,4.46
10/10/2018,4.477,4.477,4.477,4.477,"0,80K","0,38%",4.477,4.477,4.477,4.477
11/10/2018,4.48,4.48,4.48,4.48,"0,18K","0,07%",4.48,4.48,4.48,4.48
12/10/2018,4.476,4.476,4.476,4.476,"0,04K","-0,09%",4.476,4.476,4.476,4.476
15/10/2018,4.308,4.308,4.308,4.308,"0,11K","-3,75%",4.308,4.308,4.308,4.308
16/10/2018,4.0,4.0,4.0,4.0,"0,19K","-7,15%",4.0,4.0,4.0,4.0
17/10/2018,4.0,4.0,4.0,4.0,"0,52K","0,00%",4.0,4.0,4.0,4.0
18/10/2018,4.0,4.0,4.0,4.0,"0,53K","0,00%",4.0,4.0,4.0,4.0
22/10/2018,3.999,3.999,3.999,3.999,"0,21K","-0,03%",3.999,3.999,3.999,3.999
23/10/2018,3.998,3.998,3.998,3.998,"0,72K","-0,03%",3.998,3.998,3.998,3.998
24/10/2018,3.998,3.998,3.998,3.998,"1,52K","0,00%",3.998,3.998,3.998,3.998
25/10/2018,3.997,3.997,3.997,3.997,"0,04K","-0,03%",3.997,3.997,3.997,3.997
26/10/2018,3.859,3.859,3.859,3.859,"0,70K","-3,45%",3.859,3.859,3.859,3.859
29/10/2018,3.799,3.799,3.799,3.799,"0,78K","-1,55%",3.799,3.799,3.799,3.799
30/10/2018,3.96,3.96,3.96,3.96,"2,90K","4,24%",3.96,3.96,3.96,3.96
31/10/2018,3.949,3.949,3.949,3.949,"0,76K","-0,28%",3.949,3.949,3.949,3.949
02/11/2018,3.801,3.801,3.801,3.801,"0,26K","-3,75%",3.801,3.801,3.801,3.801
05/11/2018,3.801,3.801,3.801,3.801,"1,83K","0,00%",3.801,3.801,3.801,3.801
06/11/2018,3.797,3.797,3.797,3.797,"0,12K","-0,11%",3.797,3.797,3.797,3.797
07/11/2018,3.67,3.67,3.67,3.67,"0,55K","-3,34%",3.67,3.67,3.67,3.67
08/11/2018,3.6,3.6,3.6,3.6,"0,02K","-1,91%",3.6,3.6,3.6,3.6
09/11/2018,3.65,3.65,3.65,3.65,"0,29K","1,39%",3.65,3.65,3.65,3.65
12/11/2018,3.64,3.64,3.64,3.64,"0,14K","-0,27%",3.64,3.64,3.64,3.64
13/11/2018,3.6,3.6,3.6,3.6,"0,15K","-1,10%",3.6,3.6,3.6,3.6
16/11/2018,3.599,3.599,3.599,3.599,"3,94K","-0,03%",3.599,3.599,3.599,3.599
19/11/2018,3.42,3.42,3.42,3.42,"1,79K","-4,97%",3.42,3.42,3.42,3.42
21/11/2018,3.579,3.579,3.579,3.579,"0,45K","4,65%",3.579,3.579,3.579,3.579
22/11/2018,3.5,3.5,3.5,3.5,"2,92K","-2,21%",3.5,3.5,3.5,3.5
23/11/2018,3.399,3.399,3.399,3.399,"0,29K","-2,89%",3.399,3.399,3.399,3.399
26/11/2018,3.478,3.478,3.478,3.478,"1,45K","2,32%",3.478,3.478,3.478,3.478
27/11/2018,3.5,3.5,3.5,3.5,"8,27K","0,63%",3.5,3.5,3.5,3.5
28/11/2018,3.499,3.499,3.499,3.499,"2,26K","-0,03%",3.499,3.499,3.499,3.499
29/11/2018,3.589,3.589,3.589,3.589,"1,54K","2,57%",3.589,3.589,3.589,3.589
30/11/2018,3.59,3.59,3.59,3.59,"0,08K","0,03%",3.59,3.59,3.59,3.59
03/12/2018,3.5,3.5,3.5,3.5,"0,15K","-2,51%",3.5,3.5,3.5,3.5
04/12/2018,3.59,3.59,3.59,3.59,"0,26K","2,57%",3.59,3.59,3.59,3.59
05/12/2018,3.589,3.589,3.589,3.589,"1,40K","-0,03%",3.589,3.589,3.589,3.589
06/12/2018,3.5,3.5,3.5,3.5,"0,33K","-2,48%",3.5,3.5,3.5,3.5
07/12/2018,3.648,3.648,3.648,3.648,"0,99K","4,23%",3.648,3.648,3.648,3.648
10/12/2018,3.648,3.648,3.648,3.648,"1,11K","0,00%",3.648,3.648,3.648,3.648
11/12/2018,3.921,3.921,3.921,3.921,"8,71K","7,48%",3.921,3.921,3.921,3.921
12/12/2018,4.0,4.0,4.0,4.0,"0,80K","2,01%",4.0,4.0,4.0,4.0
13/12/2018,4.0,4.0,4.0,4.0,"1,08K","0,00%",4.0,4.0,4.0,4.0
14/12/2018,4.0,4.0,4.0,4.0,"0,39K","0,00%",4.0,4.0,4.0,4.0
17/12/2018,4.0,4.0,4.0,4.0,"1,22K","0,00%",4.0,4.0,4.0,4.0
18/12/2018,4.0,4.0,4.0,4.0,"0,04K","0,00%",4.0,4.0,4.0,4.0
19/12/2018,3.998,3.998,3.998,3.998,"0,01K","-0,05%",3.998,3.998,3.998,3.998
20/12/2018,3.999,3.999,3.999,3.999,"2,04K","0,03%",3.999,3.999,3.999,3.999
21/12/2018,4.1,4.1,4.1,4.1,"2,56K","2,53%",4.1,4.1,4.1,4.1
24/12/2018,4.04,4.04,4.04,4.04,"1,14K","-1,46%",4.04,4.04,4.04,4.04
26/12/2018,4.072,4.072,4.072,4.072,"2,39K","0,79%",4.072,4.072,4.072,4.072
27/12/2018,4.245,4.245,4.245,4.245,"0,00K","4,25%",4.245,4.245,4.245,4.245
28/12/2018,4.2,4.2,4.2,4.2,"0,27K","-1,06%",4.2,4.2,4.2,4.2
31/12/2018,4.24,4.24,4.24,4.24,"12,51K","0,95%",4.24,4.24,4.24,4.24
02/01/2019,4.22,4.22,4.22,4.22,"0,82K","-0,47%",4.22,4.22,4.22,4.22
03/01/2019,4.15,4.15,4.15,4.15,"1,07K","-1,66%",4.15,4.15,4.15,4.15
04/01/2019,4.05,4.05,4.05,4.05,"0,18K","-2,41%",4.05,4.05,4.05,4.05
07/01/2019,4.0,4.0,4.0,4.0,"0,08K","-1,23%",4.0,4.0,4.0,4.0
08/01/2019,3.99,3.99,3.99,3.99,"0,88K","-0,25%",3.99,3.99,3.99,3.99
09/01/2019,3.95,3.95,3.95,3.95,"0,17K","-1,00%",3.95,3.95,3.95,3.95
10/01/2019,3.9,3.9,3.9,3.9,"0,17K","-1,27%",3.9,3.9,3.9,3.9
11/01/2019,3.85,3.85,3.85,3.85,"0,60K","-1,28%",3.85,3.85,3.85,3.85
14/01/2019,3.695,3.695,3.695,3.695,"0,24K","-4,03%",3.695,3.695,3.695,3.695
15/01/2019,3.97,3.97,3.97,3.97,"0,39K","7,44%",3.97,3.97,3.97,3.97
16/01/2019,3.925,3.925,3.925,3.925,"0,26K","-1,13%",3.925,3.925,3.925,3.925
17/01/2019,3.7,3.7,3.7,3.7,"0,89K","-5,73%",3.7,3.7,3.7,3.7
18/01/2019,3.925,3.925,3.925,3.925,"1,04K","6,08%",3.925,3.925,3.925,3.925
21/01/2019,3.7,3.7,3.7,3.7,"7,99K","-5,73%",3.7,3.7,3.7,3.7
22/01/2019,3.8,3.8,3.8,3.8,"0,12K","2,70%",3.8,3.8,3.8,3.8
23/01/2019,3.635,3.635,3.635,3.635,"0,41K","-4,34%",3.635,3.635,3.635,3.635
24/01/2019,3.7,3.7,3.7,3.7,"0,50K","1,79%",3.7,3.7,3.7,3.7
25/01/2019,3.75,3.75,3.75,3.75,"0,65K","1,35%",3.75,3.75,3.75,3.75
28/01/2019,3.85,3.85,3.85,3.85,"0,48K","2,67%",3.85,3.85,3.85,3.85
29/01/2019,3.65,3.65,3.65,3.65,"0,21K","-5,19%",3.65,3.65,3.65,3.65
30/01/2019,3.84,3.84,3.84,3.84,"2,42K","5,21%",3.84,3.84,3.84,3.84
31/01/2019,3.8,3.8,3.8,3.8,"0,25K","-1,04%",3.8,3.8,3.8,3.8
01/02/2019,3.6,3.6,3.6,3.6,"0,55K","-5,26%",3.6,3.6,3.6,3.6
04/02/2019,3.8,3.8,3.8,3.8,"0,18K","5,56%",3.8,3.8,3.8,3.8
05/02/2019,3.89,3.89,3.89,3.89,"1,59K","2,37%",3.89,3.89,3.89,3.89
06/02/2019,3.84,3.84,3.84,3.84,"1,39K","-1,29%",3.84,3.84,3.84,3.84
07/02/2019,3.8,3.8,3.8,3.8,"0,23K","-1,04%",3.8,3.8,3.8,3.8
08/02/2019,3.84,3.84,3.84,3.84,"0,05K","1,05%",3.84,3.84,3.84,3.84
11/02/2019,3.8,3.8,3.8,3.8,"1,83K","-1,04%",3.8,3.8,3.8,3.8
12/02/2019,4.06,4.06,4.06,4.06,"0,81K","6,84%",4.06,4.06,4.06,4.06
13/02/2019,3.9,3.9,3.9,3.9,"2,26K","-3,94%",3.9,3.9,3.9,3.9
14/02/2019,4.0,4.0,4.0,4.0,"2,50K","2,56%",4.0,4.0,4.0,4.0
15/02/2019,3.9,3.9,3.9,3.9,"2,65K","-2,50%",3.9,3.9,3.9,3.9
18/02/2019,3.895,3.895,3.895,3.895,"1,35K","-0,13%",3.895,3.895,3.895,3.895
19/02/2019,3.9,3.9,3.9,3.9,"0,39K","0,13%",3.9,3.9,3.9,3.9
20/02/2019,3.895,3.895,3.895,3.895,"0,19K","-0,13%",3.895,3.895,3.895,3.895
21/02/2019,3.605,3.605,3.605,3.605,"2,08K","-7,45%",3.605,3.605,3.605,3.605
22/02/2019,3.8,3.8,3.8,3.8,"0,34K","5,41%",3.8,3.8,3.8,3.8
25/02/2019,3.78,3.78,3.78,3.78,"1,63K","-0,53%",3.78,3.78,3.78,3.78
26/02/2019,3.8,3.8,3.8,3.8,"1,03K","0,53%",3.8,3.8,3.8,3.8
27/02/2019,3.78,3.78,3.78,3.78,"0,42K","-0,53%",3.78,3.78,3.78,3.78
28/02/2019,3.65,3.65,3.65,3.65,"3,35K","-3,44%",3.65,3.65,3.65,3.65
01/03/2019,3.8,3.8,3.8,3.8,"1,67K","4,11%",3.8,3.8,3.8,3.8
04/03/2019,3.785,3.785,3.785,3.785,"1,42K","-0,39%",3.785,3.785,3.785,3.785
05/03/2019,3.51,3.51,3.51,3.51,"6,12K","-7,27%",3.51,3.51,3.51,3.51
06/03/2019,3.7,3.7,3.7,3.7,"13,74K","5,41%",3.7,3.7,3.7,3.7
07/03/2019,3.505,3.505,3.505,3.505,"0,27K","-5,27%",3.505,3.505,3.505,3.505
08/03/2019,3.35,3.35,3.35,3.35,"6,38K","-4,42%",3.35,3.35,3.35,3.35
11/03/2019,3.495,3.495,3.495,3.495,"5,06K","4,33%",3.495,3.495,3.495,3.495
12/03/2019,3.24,3.24,3.24,3.24,"5,94K","-7,30%",3.24,3.24,3.24,3.24
13/03/2019,3.45,3.45,3.45,3.45,"0,20K","6,48%",3.45,3.45,3.45,3.45
14/03/2019,3.63,3.63,3.63,3.63,"0,48K","5,22%",3.63,3.63,3.63,3.63
15/03/2019,3.63,3.63,3.63,3.63,"0,17K","0,00%",3.63,3.63,3.63,3.63
18/03/2019,3.6,3.6,3.6,3.6,"0,03K","-0,83%",3.6,3.6,3.6,3.6
19/03/2019,3.595,3.595,3.595,3.595,"1,90K","-0,14%",3.595,3.595,3.595,3.595
20/03/2019,3.59,3.59,3.59,3.59,"2,20K","-0,14%",3.59,3.59,3.59,3.59
21/03/2019,3.5,3.5,3.5,3.5,"5,68K","-2,51%",3.5,3.5,3.5,3.5
22/03/2019,3.595,3.595,3.595,3.595,"1,69K","2,71%",3.595,3.595,3.595,3.595
25/03/2019,3.55,3.55,3.55,3.55,"2,52K","-1,25%",3.55,3.55,3.55,3.55
26/03/2019,3.34,3.34,3.34,3.34,"12,61K","-5,92%",3.34,3.34,3.34,3.34
27/03/2019,3.3,3.3,3.3,3.3,"22,71K","-1,20%",3.3,3.3,3.3,3.3
28/03/2019,3.34,3.34,3.34,3.34,"4,46K","1,21%",3.34,3.34,3.34,3.34
29/03/2019,3.34,3.34,3.34,3.34,"0,57K","0,00%",3.34,3.34,3.34,3.34
01/04/2019,3.35,3.35,3.35,3.35,"0,46K","0,30%",3.35,3.35,3.35,3.35
02/04/2019,3.3,3.3,3.3,3.3,"0,54K","-1,49%",3.3,3.3,3.3,3.3
03/04/2019,3.35,3.35,3.35,3.35,"6,03K","1,52%",3.35,3.35,3.35,3.35
04/04/2019,3.3,3.3,3.3,3.3,"0,89K","-1,49%",3.3,3.3,3.3,3.3
05/04/2019,3.34,3.34,3.34,3.34,"0,03K","1,21%",3.34,3.34,3.34,3.34
08/04/2019,3.24,3.24,3.24,3.24,"0,75K","-2,99%",3.24,3.24,3.24,3.24
09/04/2019,3.3,3.3,3.3,3.3,"7,54K","1,85%",3.3,3.3,3.3,3.3
10/04/2019,3.3,3.3,3.3,3.3,"0,87K","0,00%",3.3,3.3,3.3,3.3
11/04/2019,3.2,3.2,3.2,3.2,"0,25K","-3,03%",3.2,3.2,3.2,3.2
12/04/2019,3.195,3.195,3.195,3.195,"0,76K","-0,16%",3.195,3.195,3.195,3.195
15/04/2019,3.295,3.295,3.295,3.295,"0,08K","3,13%",3.295,3.295,3.295,3.295
16/04/2019,3.4,3.4,3.4,3.4,"2,39K","3,19%",3.4,3.4,3.4,3.4
17/04/2019,3.645,3.645,3.645,3.645,"17,20K","7,21%",3.645,3.645,3.645,3.645
18/04/2019,3.6,3.6,3.6,3.6,"0,78K","-1,23%",3.6,3.6,3.6,3.6
19/04/2019,3.6,3.6,3.6,3.6,"0,07K","0,00%",3.6,3.6,3.6,3.6
23/04/2019,3.64,3.64,3.64,3.64,"11,45K","1,11%",3.64,3.64,3.64,3.64
24/04/2019,3.64,3.64,3.64,3.64,"0,02K","0,00%",3.64,3.64,3.64,3.64
25/04/2019,3.6,3.6,3.6,3.6,"0,07K","-1,10%",3.6,3.6,3.6,3.6
26/04/2019,3.55,3.55,3.55,3.55,"3,19K","-1,39%",3.55,3.55,3.55,3.55
29/04/2019,3.305,3.305,3.305,3.305,"13,32K","-6,90%",3.305,3.305,3.305,3.305
30/04/2019,3.55,3.55,3.55,3.55,"0,04K","7,41%",3.55,3.55,3.55,3.55
02/05/2019,3.55,3.55,3.55,3.55,"0,92K","0,00%",3.55,3.55,3.55,3.55
03/05/2019,3.595,3.595,3.595,3.595,"0,49K","1,27%",3.595,3.595,3.595,3.595
06/05/2019,3.55,3.55,3.55,3.55,"6,79K","-1,25%",3.55,3.55,3.55,3.55
07/05/2019,3.5,3.5,3.5,3.5,"2,28K","-1,41%",3.5,3.5,3.5,3.5
08/05/2019,3.59,3.59,3.59,3.59,"0,92K","2,57%",3.59,3.59,3.59,3.59
09/05/2019,3.85,3.85,3.85,3.85,"3,23K","7,24%",3.85,3.85,3.85,3.85
10/05/2019,3.795,3.795,3.795,3.795,"0,21K","-1,43%",3.795,3.795,3.795,3.795
13/05/2019,3.58,3.58,3.58,3.58,"0,08K","-5,67%",3.58,3.58,3.58,3.58
14/05/2019,3.6,3.6,3.6,3.6,"0,26K","0,56%",3.6,3.6,3.6,3.6
15/05/2019,3.58,3.58,3.58,3.58,"0,08K","-0,56%",3.58,3.58,3.58,3.58
16/05/2019,3.5,3.5,3.5,3.5,"0,57K","-2,23%",3.5,3.5,3.5,3.5
17/05/2019,3.5,3.5,3.5,3.5,"1,20K","0,00%",3.5,3.5,3.5,3.5
20/05/2019,3.335,3.335,3.335,3.335,"0,32K","-4,71%",3.335,3.335,3.335,3.335
21/05/2019,3.3,3.3,3.3,3.3,"5,34K","-1,05%",3.3,3.3,3.3,3.3
22/05/2019,3.25,3.25,3.25,3.25,"0,20K","-1,52%",3.25,3.25,3.25,3.25
23/05/2019,3.25,3.25,3.25,3.25,"6,09K","0,00%",3.25,3.25,3.25,3.25
24/05/2019,3.23,3.23,3.23,3.23,"7,73K","-0,62%",3.23,3.23,3.23,3.23
27/05/2019,3.2,3.2,3.2,3.2,"0,28K","-0,93%",3.2,3.2,3.2,3.2
28/05/2019,3.19,3.19,3.19,3.19,"0,39K","-0,31%",3.19,3.19,3.19,3.19
29/05/2019,3.2,3.2,3.2,3.2,"0,31K","0,31%",3.2,3.2,3.2,3.2
31/05/2019,3.2,3.2,3.2,3.2,"2,17K","0,00%",3.2,3.2,3.2,3.2
03/06/2019,3.2,3.2,3.2,3.2,"6,40K","0,00%",3.2,3.2,3.2,3.2
05/06/2019,3.25,3.25,3.25,3.25,"0,12K","1,56%",3.25,3.25,3.25,3.25
06/06/2019,3.2,3.2,3.2,3.2,"0,21K","-1,54%",3.2,3.2,3.2,3.2
07/06/2019,3.25,3.25,3.25,3.25,"0,26K","1,56%",3.25,3.25,3.25,3.25
11/06/2019,3.225,3.225,3.225,3.225,"0,50K","-0,77%",3.225,3.225,3.225,3.225
12/06/2019,3.25,3.25,3.25,3.25,"0,64K","0,78%",3.25,3.25,3.25,3.25
13/06/2019,3.345,3.345,3.345,3.345,"1,01K","2,92%",3.345,3.345,3.345,3.345
14/06/2019,3.255,3.255,3.255,3.255,"0,15K","-2,69%",3.255,3.255,3.255,3.255
17/06/2019,3.255,3.255,3.255,3.255,"1,05K","0,00%",3.255,3.255,3.255,3.255
18/06/2019,3.29,3.29,3.29,3.29,"1,45K","1,08%",3.29,3.29,3.29,3.29
19/06/2019,3.2,3.2,3.2,3.2,"1,11K","-2,74%",3.2,3.2,3.2,3.2
20/06/2019,3.29,3.29,3.29,3.29,"0,47K","2,81%",3.29,3.29,3.29,3.29
21/06/2019,3.32,3.32,3.32,3.32,"9,88K","0,91%",3.32,3.32,3.32,3.32
24/06/2019,3.4,3.4,3.4,3.4,"4,48K","2,41%",3.4,3.4,3.4,3.4
25/06/2019,3.2,3.2,3.2,3.2,"1,01K","-5,88%",3.2,3.2,3.2,3.2
26/06/2019,3.29,3.29,3.29,3.29,"30,01K","2,81%",3.29,3.29,3.29,3.29
27/06/2019,3.28,3.28,3.28,3.28,"2,45K","-0,30%",3.28,3.28,3.28,3.28
28/06/2019,3.345,3.345,3.345,3.345,"1,55K","1,98%",3.345,3.345,3.345,3.345
01/07/2019,3.28,3.28,3.28,3.28,"0,31K","-1,94%",3.28,3.28,3.28,3.28
02/07/2019,3.3,3.3,3.3,3.3,"0,11K","0,61%",3.3,3.3,3.3,3.3
03/07/2019,3.295,3.295,3.295,3.295,"0,11K","-0,15%",3.295,3.295,3.295,3.295
04/07/2019,3.28,3.28,3.28,3.28,"0,41K","-0,46%",3.28,3.28,3.28,3.28
05/07/2019,3.28,3.28,3.28,3.28,"0,56K","0,00%",3.28,3.28,3.28,3.28
08/07/2019,3.3,3.3,3.3,3.3,"0,11K","0,61%",3.3,3.3,3.3,3.3
09/07/2019,3.25,3.25,3.25,3.25,"0,18K","-1,52%",3.25,3.25,3.25,3.25
10/07/2019,3.255,3.255,3.255,3.255,"0,38K","0,15%",3.255,3.255,3.255,3.255
11/07/2019,3.295,3.295,3.295,3.295,"8,07K","1,23%",3.295,3.295,3.295,3.295
12/07/2019,3.26,3.26,3.26,3.26,"0,11K","-1,06%",3.26,3.26,3.26,3.26
15/07/2019,3.295,3.295,3.295,3.295,"1,09K","1,07%",3.295,3.295,3.295,3.295
16/07/2019,3.275,3.275,3.275,3.275,"0,05K","-0,61%",3.275,3.275,3.275,3.275
17/07/2019,3.1,3.1,3.1,3.1,"0,69K","-5,34%",3.1,3.1,3.1,3.1
18/07/2019,3.09,3.09,3.09,3.09,"3,40K","-0,32%",3.09,3.09,3.09,3.09
19/07/2019,3.08,3.08,3.08,3.08,"1,35K","-0,32%",3.08,3.08,3.08,3.08
22/07/2019,3.09,3.09,3.09,3.09,"2,99K","0,32%",3.09,3.09,3.09,3.09
23/07/2019,3.06,3.06,3.06,3.06,"13,24K","-0,97%",3.06,3.06,3.06,3.06
24/07/2019,3.09,3.09,3.09,3.09,"0,96K","0,98%",3.09,3.09,3.09,3.09
25/07/2019,3.09,3.09,3.09,3.09,"8,42K","0,00%",3.09,3.09,3.09,3.09
26/07/2019,3.09,3.09,3.09,3.09,"2,83K","0,00%",3.09,3.09,3.09,3.09
29/07/2019,3.08,3.08,3.08,3.08,"0,16K","-0,32%",3.08,3.08,3.08,3.08
30/07/2019,3.08,3.08,3.08,3.08,"0,45K","0,00%",3.08,3.08,3.08,3.08
31/07/2019,3.015,3.015,3.015,3.015,"5,85K","-2,11%",3.015,3.015,3.015,3.015
01/08/2019,3.075,3.075,3.075,3.075,"0,60K","1,99%",3.075,3.075,3.075,3.075
02/08/2019,3.075,3.075,3.075,3.075,"0,08K","0,00%",3.075,3.075,3.075,3.075
05/08/2019,3.075,3.075,3.075,3.075,"2,29K","0,00%",3.075,3.075,3.075,3.075
06/08/2019,3.075,3.075,3.075,3.075,"0,83K","0,00%",3.075,3.075,3.075,3.075
08/08/2019,3.075,3.075,3.075,3.075,"2,81K","0,00%",3.075,3.075,3.075,3.075
09/08/2019,3.075,3.075,3.075,3.075,"80,46K","0,00%",3.075,3.075,3.075,3.075
13/08/2019,3.09,3.09,3.09,3.09,"2,40K","0,49%",3.09,3.09,3.09,3.09
14/08/2019,3.055,3.055,3.055,3.055,"0,06K","-1,13%",3.055,3.055,3.055,3.055
16/08/2019,3.08,3.08,3.08,3.08,"6,16K","0,82%",3.08,3.08,3.08,3.08
19/08/2019,3.075,3.075,3.075,3.075,"0,16K","-0,16%",3.075,3.075,3.075,3.075
20/08/2019,3.075,3.075,3.075,3.075,"0,86K","0,00%",3.075,3.075,3.075,3.075
21/08/2019,3.0,3.0,3.0,3.0,"0,59K","-2,44%",3.0,3.0,3.0,3.0
22/08/2019,2.995,2.995,2.995,2.995,"1,20K","-0,17%",2.995,2.995,2.995,2.995
23/08/2019,3.0,3.0,3.0,3.0,"1,14K","0,17%",3.0,3.0,3.0,3.0
26/08/2019,3.0,3.0,3.0,3.0,"1,91K","0,00%",3.0,3.0,3.0,3.0
27/08/2019,3.0,3.0,3.0,3.0,"2,20K","0,00%",3.0,3.0,3.0,3.0
28/08/2019,3.0,3.0,3.0,3.0,"1,34K","0,00%",3.0,3.0,3.0,3.0
29/08/2019,2.99,2.99,2.99,2.99,"1,52K","-0,33%",2.99,2.99,2.99,2.99
30/08/2019,2.985,2.985,2.985,2.985,"0,15K","-0,17%",2.985,2.985,2.985,2.985
02/09/2019,2.85,2.85,2.85,2.85,"4,65K","-4,52%",2.85,2.85,2.85,2.85
03/09/2019,2.85,2.85,2.85,2.85,"2,18K","0,00%",2.85,2.85,2.85,2.85
04/09/2019,2.8,2.8,2.8,2.8,"0,23K","-1,75%",2.8,2.8,2.8,2.8
05/09/2019,2.835,2.835,2.835,2.835,"0,67K","1,25%",2.835,2.835,2.835,2.835
06/09/2019,2.88,2.88,2.88,2.88,"1,93K","1,59%",2.88,2.88,2.88,2.88
09/09/2019,2.88,2.88,2.88,2.88,"0,23K","0,00%",2.88,2.88,2.88,2.88
10/09/2019,2.8,2.8,2.8,2.8,"1,29K","-2,78%",2.8,2.8,2.8,2.8
11/09/2019,2.895,2.895,2.895,2.895,"0,50K","3,39%",2.895,2.895,2.895,2.895
12/09/2019,2.9,2.9,2.9,2.9,"0,63K","0,17%",2.9,2.9,2.9,2.9
13/09/2019,2.9,2.9,2.9,2.9,"0,10K","0,00%",2.9,2.9,2.9,2.9
16/09/2019,2.985,2.985,2.985,2.985,"4,29K","2,93%",2.985,2.985,2.985,2.985
17/09/2019,2.95,2.95,2.95,2.95,"0,32K","-1,17%",2.95,2.95,2.95,2.95
18/09/2019,2.84,2.84,2.84,2.84,"0,17K","-3,73%",2.84,2.84,2.84,2.84
19/09/2019,2.785,2.785,2.785,2.785,"0,14K","-1,94%",2.785,2.785,2.785,2.785
20/09/2019,2.745,2.745,2.745,2.745,"0,20K","-1,44%",2.745,2.745,2.745,2.745
23/09/2019,2.65,2.65,2.65,2.65,"0,93K","-3,46%",2.65,2.65,2.65,2.65
24/09/2019,2.65,2.65,2.65,2.65,"0,71K","0,00%",2.65,2.65,2.65,2.65
25/09/2019,2.57,2.57,2.57,2.57,"0,57K","-3,02%",2.57,2.57,2.57,2.57
26/09/2019,2.55,2.55,2.55,2.55,"0,82K","-0,78%",2.55,2.55,2.55,2.55
27/09/2019,2.6,2.6,2.6,2.6,"1,16K","1,96%",2.6,2.6,2.6,2.6
30/09/2019,2.725,2.725,2.725,2.725,"2,31K","4,81%",2.725,2.725,2.725,2.725
01/10/2019,2.6,2.6,2.6,2.6,"0,31K","-4,59%",2.6,2.6,2.6,2.6
02/10/2019,2.6,2.6,2.6,2.6,"1,67K","0,00%",2.6,2.6,2.6,2.6
03/10/2019,2.6,2.6,2.6,2.6,"0,39K","0,00%",2.6,2.6,2.6,2.6
04/10/2019,2.795,2.795,2.795,2.795,"0,75K","7,50%",2.795,2.795,2.795,2.795
07/10/2019,2.78,2.78,2.78,2.78,"6,24K","-0,54%",2.78,2.78,2.78,2.78
08/10/2019,2.76,2.76,2.76,2.76,"0,09K","-0,72%",2.76,2.76,2.76,2.76
09/10/2019,2.6,2.6,2.6,2.6,"0,28K","-5,80%",2.6,2.6,2.6,2.6
10/10/2019,2.72,2.72,2.72,2.72,"0,18K","4,62%",2.72,2.72,2.72,2.72
11/10/2019,2.69,2.69,2.69,2.69,"1,63K","-1,10%",2.69,2.69,2.69,2.69
14/10/2019,2.645,2.645,2.645,2.645,"0,34K","-1,67%",2.645,2.645,2.645,2.645
15/10/2019,2.6,2.6,2.6,2.6,"0,62K","-1,70%",2.6,2.6,2.6,2.6
16/10/2019,2.675,2.675,2.675,2.675,"0,42K","2,88%",2.675,2.675,2.675,2.675
17/10/2019,2.68,2.68,2.68,2.68,"1,61K","0,19%",2.68,2.68,2.68,2.68
18/10/2019,2.7,2.7,2.7,2.7,"0,82K","0,75%",2.7,2.7,2.7,2.7
21/10/2019,2.8,2.8,2.8,2.8,"3,77K","3,70%",2.8,2.8,2.8,2.8
22/10/2019,2.84,2.84,2.84,2.84,"6,25K","1,43%",2.84,2.84,2.84,2.84
23/10/2019,2.795,2.795,2.795,2.795,"0,18K","-1,58%",2.795,2.795,2.795,2.795
24/10/2019,2.795,2.795,2.795,2.795,"0,34K","0,00%",2.795,2.795,2.795,2.795
25/10/2019,2.8,2.8,2.8,2.8,"0,68K","0,18%",2.8,2.8,2.8,2.8
28/10/2019,3.0,3.0,3.0,3.0,"3,76K","7,14%",3.0,3.0,3.0,3.0
29/10/2019,3.0,3.0,3.0,3.0,"2,17K","0,00%",3.0,3.0,3.0,3.0
30/10/2019,2.8,2.8,2.8,2.8,"0,09K","-6,67%",2.8,2.8,2.8,2.8
31/10/2019,2.8,2.8,2.8,2.8,"0,48K","0,00%",2.8,2.8,2.8,2.8
04/11/2019,2.795,2.795,2.795,2.795,"55,92K","-0,18%",2.795,2.795,2.795,2.795
05/11/2019,2.795,2.795,2.795,2.795,"1,94K","0,00%",2.795,2.795,2.795,2.795
06/11/2019,2.995,2.995,2.995,2.995,"2,89K","7,16%",2.995,2.995,2.995,2.995
07/11/2019,2.9,2.9,2.9,2.9,"0,16K","-3,17%",2.9,2.9,2.9,2.9
08/11/2019,2.9,2.9,2.9,2.9,"0,26K","0,00%",2.9,2.9,2.9,2.9
11/11/2019,2.845,2.845,2.845,2.845,"0,02K","-1,90%",2.845,2.845,2.845,2.845
12/11/2019,2.8,2.8,2.8,2.8,"0,08K","-1,58%",2.8,2.8,2.8,2.8
13/11/2019,2.75,2.75,2.75,2.75,"0,47K","-1,79%",2.75,2.75,2.75,2.75
14/11/2019,2.73,2.73,2.73,2.73,"0,12K","-0,73%",2.73,2.73,2.73,2.73
18/11/2019,2.7,2.7,2.7,2.7,"1,50K","-1,10%",2.7,2.7,2.7,2.7
19/11/2019,2.7,2.7,2.7,2.7,"1,31K","0,00%",2.7,2.7,2.7,2.7
20/11/2019,2.5,2.5,2.5,2.5,"0,67K","-7,41%",2.5,2.5,2.5,2.5
21/11/2019,2.685,2.685,2.685,2.685,"2,75K","7,40%",2.685,2.685,2.685,2.685
22/11/2019,2.7,2.7,2.7,2.7,"2,59K","0,56%",2.7,2.7,2.7,2.7
25/11/2019,2.695,2.695,2.695,2.695,"2,25K","-0,19%",2.695,2.695,2.695,2.695
26/11/2019,2.75,2.75,2.75,2.75,"8,22K","2,04%",2.75,2.75,2.75,2.75
27/11/2019,2.8,2.8,2.8,2.8,"1,09K","1,82%",2.8,2.8,2.8,2.8
28/11/2019,2.995,2.995,2.995,2.995,"1,48K","6,96%",2.995,2.995,2.995,2.995
29/11/2019,2.99,2.99,2.99,2.99,"2,40K","-0,17%",2.99,2.99,2.99,2.99
02/12/2019,3.095,3.095,3.095,3.095,"8,46K","3,51%",3.095,3.095,3.095,3.095
03/12/2019,3.2,3.2,3.2,3.2,"2,17K","3,39%",3.2,3.2,3.2,3.2
04/12/2019,3.4,3.4,3.4,3.4,"1,19K","6,25%",3.4,3.4,3.4,3.4
05/12/2019,3.39,3.39,3.39,3.39,"1,32K","-0,29%",3.39,3.39,3.39,3.39
06/12/2019,3.39,3.39,3.39,3.39,"0,00K","0,00%",3.39,3.39,3.39,3.39
09/12/2019,3.24,3.24,3.24,3.24,"0,28K","-4,42%",3.24,3.24,3.24,3.24
10/12/2019,3.4,3.4,3.4,3.4,"4,27K","4,94%",3.4,3.4,3.4,3.4
13/12/2019,3.25,3.25,3.25,3.25,"0,67K","-4,41%",3.25,3.25,3.25,3.25
16/12/2019,3.4,3.4,3.4,3.4,"4,96K","4,62%",3.4,3.4,3.4,3.4
17/12/2019,3.385,3.385,3.385,3.385,"0,13K","-0,44%",3.385,3.385,3.385,3.385
18/12/2019,3.38,3.38,3.38,3.38,"0,07K","-0,15%",3.38,3.38,3.38,3.38
19/12/2019,3.38,3.38,3.38,3.38,"0,12K","0,00%",3.38,3.38,3.38,3.38
20/12/2019,3.375,3.375,3.375,3.375,"0,70K","-0,15%",3.375,3.375,3.375,3.375
23/12/2019,3.325,3.325,3.325,3.325,"0,63K","-1,48%",3.325,3.325,3.325,3.325
24/12/2019,3.55,3.55,3.55,3.55,"22,77K","6,77%",3.55,3.55,3.55,3.55
26/12/2019,3.75,3.75,3.75,3.75,"9,10K","5,63%",3.75,3.75,3.75,3.75
27/12/2019,3.9,3.9,3.9,3.9,"9,77K","4,00%",3.9,3.9,3.9,3.9
30/12/2019,3.99,3.99,3.99,3.99,"10,10K","2,31%",3.99,3.99,3.99,3.99
31/12/2019,3.99,3.99,3.99,3.99,"6,69K","0,00%",3.99,3.99,3.99,3.99
02/01/2020,3.695,3.695,3.695,3.695,"0,01K","-7,39%",3.695,3.695,3.695,3.695
03/01/2020,3.42,3.42,3.42,3.42,"0,30K","-7,44%",3.42,3.42,3.42,3.42
06/01/2020,3.18,3.18,3.18,3.18,"1,29K","-7,02%",3.18,3.18,3.18,3.18
07/01/2020,3.18,3.18,3.18,3.18,"0,46K","0,00%",3.18,3.18,3.18,3.18
08/01/2020,3.07,3.07,3.07,3.07,"0,03K","-3,46%",3.07,3.07,3.07,3.07
09/01/2020,3.2,3.2,3.2,3.2,"1,29K","4,23%",3.2,3.2,3.2,3.2
10/01/2020,3.195,3.195,3.195,3.195,"1,41K","-0,16%",3.195,3.195,3.195,3.195
13/01/2020,3.2,3.2,3.2,3.2,"0,41K","0,16%",3.2,3.2,3.2,3.2
14/01/2020,3.115,3.115,3.115,3.115,"0,41K","-2,66%",3.115,3.115,3.115,3.115
15/01/2020,3.345,3.345,3.345,3.345,"1,43K","7,38%",3.345,3.345,3.345,3.345
16/01/2020,3.2,3.2,3.2,3.2,"1,93K","-4,33%",3.2,3.2,3.2,3.2
17/01/2020,3.195,3.195,3.195,3.195,"1,42K","-0,16%",3.195,3.195,3.195,3.195
20/01/2020,3.2,3.2,3.2,3.2,"1,50K","0,16%",3.2,3.2,3.2,3.2
21/01/2020,3.195,3.195,3.195,3.195,"1,77K","-0,16%",3.195,3.195,3.195,3.195
22/01/2020,3.39,3.39,3.39,3.39,"4,86K","6,10%",3.39,3.39,3.39,3.39
23/01/2020,3.39,3.39,3.39,3.39,"2,24K","0,00%",3.39,3.39,3.39,3.39
24/01/2020,3.39,3.39,3.39,3.39,"3,53K","0,00%",3.39,3.39,3.39,3.39
27/01/2020,3.38,3.38,3.38,3.38,"2,30K","-0,29%",3.38,3.38,3.38,3.38
28/01/2020,3.37,3.37,3.37,3.37,"0,04K","-0,30%",3.37,3.37,3.37,3.37
29/01/2020,3.35,3.35,3.35,3.35,"4,75K","-0,59%",3.35,3.35,3.35,3.35
30/01/2020,3.35,3.35,3.35,3.35,"0,10K","0,00%",3.35,3.35,3.35,3.35
31/01/2020,3.35,3.35,3.35,3.35,"1,85K","0,00%",3.35,3.35,3.35,3.35
03/02/2020,3.15,3.15,3.15,3.15,"2,73K","-5,97%",3.15,3.15,3.15,3.15
04/02/2020,3.35,3.35,3.35,3.35,"0,18K","6,35%",3.35,3.35,3.35,3.35
05/02/2020,3.3,3.3,3.3,3.3,"7,94K","-1,49%",3.3,3.3,3.3,3.3
06/02/2020,3.15,3.15,3.15,3.15,"0,25K","-4,55%",3.15,3.15,3.15,3.15
07/02/2020,3.1,3.1,3.1,3.1,"16,55K","-1,59%",3.1,3.1,3.1,3.1
10/02/2020,2.9,2.9,2.9,2.9,"24,18K","-6,45%",2.9,2.9,2.9,2.9
11/02/2020,2.9,2.9,2.9,2.9,"2,89K","0,00%",2.9,2.9,2.9,2.9
12/02/2020,2.9,2.9,2.9,2.9,"1,75K","0,00%",2.9,2.9,2.9,2.9
13/02/2020,2.9,2.9,2.9,2.9,"5,67K","0,00%",2.9,2.9,2.9,2.9
14/02/2020,2.9,2.9,2.9,2.9,"0,42K","0,00%",2.9,2.9,2.9,2.9
17/02/2020,2.9,2.9,2.9,2.9,"1,35K","0,00%",2.9,2.9,2.9,2.9
18/02/2020,2.9,2.9,2.9,2.9,"0,71K","0,00%",2.9,2.9,2.9,2.9
19/02/2020,2.9,2.9,2.9,2.9,"1,06K","0,00%",2.9,2.9,2.9,2.9
20/02/2020,2.9,2.9,2.9,2.9,"2,57K","0,00%",2.9,2.9,2.9,2.9
21/02/2020,3.0,3.0,3.0,3.0,"7,14K","3,45%",3.0,3.0,3.0,3.0
24/02/2020,2.9,2.9,2.9,2.9,"0,82K","-3,33%",2.9,2.9,2.9,2.9
25/02/2020,2.85,2.85,2.85,2.85,"0,16K","-1,72%",2.85,2.85,2.85,2.85
26/02/2020,2.85,2.85,2.85,2.85,"1,54K","0,00%",2.85,2.85,2.85,2.85
27/02/2020,2.86,2.86,2.86,2.86,"0,29K","0,35%",2.86,2.86,2.86,2.86
28/02/2020,3.0,3.0,3.0,3.0,"0,04K","4,90%",3.0,3.0,3.0,3.0
02/03/2020,3.0,3.0,3.0,3.0,"0,34K","0,00%",3.0,3.0,3.0,3.0
03/03/2020,3.0,3.0,3.0,3.0,"0,88K","0,00%",3.0,3.0,3.0,3.0
04/03/2020,3.01,3.01,3.01,3.01,"1,15K","0,33%",3.01,3.01,3.01,3.01
05/03/2020,2.86,2.86,2.86,2.86,"1,21K","-4,98%",2.86,2.86,2.86,2.86
06/03/2020,3.07,3.07,3.07,3.07,"0,23K","7,34%",3.07,3.07,3.07,3.07
09/03/2020,3.195,3.195,3.195,3.195,"0,48K","4,07%",3.195,3.195,3.195,3.195
10/03/2020,3.195,3.195,3.195,3.195,"0,16K","0,00%",3.195,3.195,3.195,3.195
11/03/2020,3.15,3.15,3.15,3.15,"0,41K","-1,41%",3.15,3.15,3.15,3.15
12/03/2020,3.195,3.195,3.195,3.195,"0,01K","1,43%",3.195,3.195,3.195,3.195
13/03/2020,3.12,3.12,3.12,3.12,"1,22K","-2,35%",3.12,3.12,3.12,3.12
16/03/2020,3.1,3.1,3.1,3.1,"0,11K","-0,64%",3.1,3.1,3.1,3.1
17/03/2020,3.1,3.1,3.1,3.1,"0,07K","0,00%",3.1,3.1,3.1,3.1
18/03/2020,3.1,3.1,3.1,3.1,"0,27K","0,00%",3.1,3.1,3.1,3.1
19/03/2020,3.0,3.0,3.0,3.0,"1,08K","-3,23%",3.0,3.0,3.0,3.0
20/03/2020,3.0,3.0,3.0,3.0,"0,58K","0,00%",3.0,3.0,3.0,3.0
23/03/2020,2.9,2.9,2.9,2.9,"0,05K","-3,33%",2.9,2.9,2.9,2.9
24/03/2020,2.9,2.9,2.9,2.9,"0,92K","0,00%",2.9,2.9,2.9,2.9
25/03/2020,2.905,2.905,2.905,2.905,"0,43K","0,17%",2.905,2.905,2.905,2.905
26/03/2020,3.1,3.1,3.1,3.1,"0,51K","6,71%",3.1,3.1,3.1,3.1
27/03/2020,3.1,3.1,3.1,3.1,"1,21K","0,00%",3.1,3.1,3.1,3.1
30/03/2020,3.1,3.1,3.1,3.1,"1,58K","0,00%",3.1,3.1,3.1,3.1
31/03/2020,2.905,2.905,2.905,2.905,"0,90K","-6,29%",2.905,2.905,2.905,2.905
01/04/2020,3.1,3.1,3.1,3.1,"3,14K","6,71%",3.1,3.1,3.1,3.1
02/04/2020,3.1,3.1,3.1,3.1,"0,28K","0,00%",3.1,3.1,3.1,3.1
03/04/2020,3.05,3.05,3.05,3.05,"0,27K","-1,61%",3.05,3.05,3.05,3.05
06/04/2020,2.995,2.995,2.995,2.995,"2,37K","-1,80%",2.995,2.995,2.995,2.995
07/04/2020,2.995,2.995,2.995,2.995,"0,10K","0,00%",2.995,2.995,2.995,2.995
08/04/2020,2.955,2.955,2.955,2.955,"0,32K","-1,34%",2.955,2.955,2.955,2.955
09/04/2020,2.975,2.975,2.975,2.975,"0,20K","0,68%",2.975,2.975,2.975,2.975
10/04/2020,2.975,2.975,2.975,2.975,"0,19K","0,00%",2.975,2.975,2.975,2.975
14/04/2020,3.005,3.005,3.005,3.005,"0,09K","1,01%",3.005,3.005,3.005,3.005
15/04/2020,3.1,3.1,3.1,3.1,"0,27K","3,16%",3.1,3.1,3.1,3.1
16/04/2020,3.125,3.125,3.125,3.125,"0,12K","0,81%",3.125,3.125,3.125,3.125
17/04/2020,2.995,2.995,2.995,2.995,"4,47K","-4,16%",2.995,2.995,2.995,2.995
20/04/2020,3.0,3.0,3.0,3.0,"3,68K","0,17%",3.0,3.0,3.0,3.0
21/04/2020,3.0,3.0,3.0,3.0,"1,68K","0,00%",3.0,3.0,3.0,3.0
22/04/2020,3.125,3.125,3.125,3.125,"0,26K","4,17%",3.125,3.125,3.125,3.125
23/04/2020,3.1,3.1,3.1,3.1,"0,07K","-0,80%",3.1,3.1,3.1,3.1
24/04/2020,3.0,3.0,3.0,3.0,"0,30K","-3,23%",3.0,3.0,3.0,3.0
27/04/2020,3.0,3.0,3.0,3.0,"0,16K","0,00%",3.0,3.0,3.0,3.0
28/04/2020,3.05,3.05,3.05,3.05,"0,06K","1,67%",3.05,3.05,3.05,3.05
29/04/2020,3.045,3.045,3.045,3.045,"0,18K","-0,16%",3.045,3.045,3.045,3.045
30/04/2020,3.05,3.05,3.05,3.05,"0,76K","0,16%",3.05,3.05,3.05,3.05
04/05/2020,3.05,3.05,3.05,3.05,"0,92K","0,00%",3.05,3.05,3.05,3.05
05/05/2020,3.05,3.05,3.05,3.05,"1,09K","0,00%",3.05,3.05,3.05,3.05
06/05/2020,3.05,3.05,3.05,3.05,"0,15K","0,00%",3.05,3.05,3.05,3.05
07/05/2020,2.955,2.955,2.955,2.955,"2,52K","-3,11%",2.955,2.955,2.955,2.955
08/05/2020,3.0,3.0,3.0,3.0,"0,47K","1,52%",3.0,3.0,3.0,3.0
11/05/2020,2.85,2.85,2.85,2.85,"1,23K","-5,00%",2.85,2.85,2.85,2.85
12/05/2020,2.85,2.85,2.85,2.85,"0,58K","0,00%",2.85,2.85,2.85,2.85
13/05/2020,3.0,3.0,3.0,3.0,"0,62K","5,26%",3.0,3.0,3.0,3.0
14/05/2020,2.9,2.9,2.9,2.9,"0,57K","-3,33%",2.9,2.9,2.9,2.9
15/05/2020,3.0,3.0,3.0,3.0,"4,41K","3,45%",3.0,3.0,3.0,3.0
18/05/2020,2.91,2.91,2.91,2.91,"3,39K","-3,00%",2.91,2.91,2.91,2.91
19/05/2020,2.995,2.995,2.995,2.995,"2,51K","2,92%",2.995,2.995,2.995,2.995
22/05/2020,3.0,3.0,3.0,3.0,"0,89K","0,17%",3.0,3.0,3.0,3.0
25/05/2020,3.0,3.0,3.0,3.0,"0,57K","0,00%",3.0,3.0,3.0,3.0
26/05/2020,3.0,3.0,3.0,3.0,"0,03K","0,00%",3.0,3.0,3.0,3.0
27/05/2020,3.005,3.005,3.005,3.005,"1,51K","0,17%",3.005,3.005,3.005,3.005
28/05/2020,3.12,3.12,3.12,3.12,"0,33K","3,83%",3.12,3.12,3.12,3.12
29/05/2020,3.1,3.1,3.1,3.1,"1,13K","-0,64%",3.1,3.1,3.1,3.1
03/06/2020,3.425,3.425,3.425,3.425,"0,91K","10,48%",3.425,3.425,3.425,3.425
04/06/2020,3.4,3.4,3.4,3.4,"0,66K","-0,73%",3.4,3.4,3.4,3.4
05/06/2020,3.42,3.42,3.42,3.42,"0,18K","0,59%",3.42,3.42,3.42,3.42
08/06/2020,3.39,3.39,3.39,3.39,"0,68K","-0,88%",3.39,3.39,3.39,3.39
09/06/2020,3.39,3.39,3.39,3.39,"2,25K","0,00%",3.39,3.39,3.39,3.39
10/06/2020,3.39,3.39,3.39,3.39,"2,51K","0,00%",3.39,3.39,3.39,3.39
11/06/2020,3.4,3.4,3.4,3.4,"2,75K","0,29%",3.4,3.4,3.4,3.4
12/06/2020,3.39,3.39,3.39,3.39,"1,26K","-0,29%",3.39,3.39,3.39,3.39
15/06/2020,3.395,3.395,3.395,3.395,"3,40K","0,15%",3.395,3.395,3.395,3.395
16/06/2020,3.385,3.385,3.385,3.385,"0,28K","-0,29%",3.385,3.385,3.385,3.385
17/06/2020,3.39,3.39,3.39,3.39,"0,74K","0,15%",3.39,3.39,3.39,3.39
18/06/2020,3.395,3.395,3.395,3.395,"4,90K","0,15%",3.395,3.395,3.395,3.395
19/06/2020,3.4,3.4,3.4,3.4,"0,67K","0,15%",3.4,3.4,3.4,3.4
22/06/2020,3.4,3.4,3.4,3.4,"0,97K","0,00%",3.4,3.4,3.4,3.4
23/06/2020,3.39,3.39,3.39,3.39,"0,67K","-0,29%",3.39,3.39,3.39,3.39
24/06/2020,3.4,3.4,3.4,3.4,"15,49K","0,29%",3.4,3.4,3.4,3.4
25/06/2020,3.41,3.41,3.41,3.41,"0,16K","0,29%",3.41,3.41,3.41,3.41
26/06/2020,3.39,3.39,3.39,3.39,"0,35K","-0,59%",3.39,3.39,3.39,3.39
29/06/2020,3.4,3.4,3.4,3.4,"1,62K","0,29%",3.4,3.4,3.4,3.4
30/06/2020,3.4,3.4,3.4,3.4,"2,08K","0,00%",3.4,3.4,3.4,3.4
01/07/2020,3.4,3.4,3.4,3.4,"5,99K","0,00%",3.4,3.4,3.4,3.4
02/07/2020,3.4,3.4,3.4,3.4,"13,50K","0,00%",3.4,3.4,3.4,3.4
03/07/2020,3.375,3.375,3.375,3.375,"1,53K","-0,74%",3.375,3.375,3.375,3.375
06/07/2020,3.37,3.37,3.37,3.37,"0,24K","-0,15%",3.37,3.37,3.37,3.37
07/07/2020,3.375,3.375,3.375,3.375,"0,88K","0,15%",3.375,3.375,3.375,3.375
08/07/2020,3.375,3.375,3.375,3.375,"1,82K","0,00%",3.375,3.375,3.375,3.375
09/07/2020,3.3,3.3,3.3,3.3,"2,16K","-2,22%",3.3,3.3,3.3,3.3
10/07/2020,3.345,3.345,3.345,3.345,"2,12K","1,36%",3.345,3.345,3.345,3.345
13/07/2020,3.3,3.3,3.3,3.3,"1,35K","-1,35%",3.3,3.3,3.3,3.3
14/07/2020,3.3,3.3,3.3,3.3,"1,17K","0,00%",3.3,3.3,3.3,3.3
15/07/2020,3.2,3.2,3.2,3.2,"1,01K","-3,03%",3.2,3.2,3.2,3.2
16/07/2020,3.05,3.05,3.05,3.05,"0,44K","-4,69%",3.05,3.05,3.05,3.05
17/07/2020,3.15,3.15,3.15,3.15,"0,28K","3,28%",3.15,3.15,3.15,3.15
20/07/2020,3.125,3.125,3.125,3.125,"0,80K","-0,79%",3.125,3.125,3.125,3.125
21/07/2020,3.065,3.065,3.065,3.065,"0,08K","-1,92%",3.065,3.065,3.065,3.065
22/07/2020,2.955,2.955,2.955,2.955,"0,44K","-3,59%",2.955,2.955,2.955,2.955
23/07/2020,2.9,2.9,2.9,2.9,"1,26K","-1,86%",2.9,2.9,2.9,2.9
24/07/2020,2.885,2.885,2.885,2.885,"0,09K","-0,52%",2.885,2.885,2.885,2.885
27/07/2020,2.885,2.885,2.885,2.885,"0,57K","0,00%",2.885,2.885,2.885,2.885
28/07/2020,2.885,2.885,2.885,2.885,"0,33K","0,00%",2.885,2.885,2.885,2.885
29/07/2020,2.9,2.9,2.9,2.9,"0,72K","0,52%",2.9,2.9,2.9,2.9
30/07/2020,2.9,2.9,2.9,2.9,"3,77K","0,00%",2.9,2.9,2.9,2.9
03/08/2020,2.85,2.85,2.85,2.85,"0,59K","-1,72%",2.85,2.85,2.85,2.85
04/08/2020,2.9,2.9,2.9,2.9,"1,81K","1,75%",2.9,2.9,2.9,2.9
05/08/2020,2.9,2.9,2.9,2.9,"2,29K","0,00%",2.9,2.9,2.9,2.9
06/08/2020,2.9,2.9,2.9,2.9,"0,44K","0,00%",2.9,2.9,2.9,2.9
10/08/2020,3.0,3.0,3.0,3.0,"0,25K","3,45%",3.0,3.0,3.0,3.0
11/08/2020,2.95,2.95,2.95,2.95,"0,39K","-1,67%",2.95,2.95,2.95,2.95
12/08/2020,2.945,2.945,2.945,2.945,"0,19K","-0,17%",2.945,2.945,2.945,2.945
13/08/2020,2.925,2.925,2.925,2.925,"0,23K","-0,68%",2.925,2.925,2.925,2.925
14/08/2020,3.0,3.0,3.0,3.0,"576,92K","2,56%",3.0,3.0,3.0,3.0
17/08/2020,2.925,2.925,2.925,2.925,"0,29K","-2,50%",2.925,2.925,2.925,2.925
18/08/2020,2.9,2.9,2.9,2.9,"0,72K","-0,85%",2.9,2.9,2.9,2.9
19/08/2020,2.93,2.93,2.93,2.93,"0,22K","1,03%",2.93,2.93,2.93,2.93
20/08/2020,2.95,2.95,2.95,2.95,"0,30K","0,68%",2.95,2.95,2.95,2.95
21/08/2020,2.9,2.9,2.9,2.9,"0,09K","-1,69%",2.9,2.9,2.9,2.9
24/08/2020,2.9,2.9,2.9,2.9,"0,33K","0,00%",2.9,2.9,2.9,2.9
25/08/2020,2.9,2.9,2.9,2.9,"6,08K","0,00%",2.9,2.9,2.9,2.9
26/08/2020,2.93,2.93,2.93,2.93,"0,18K","1,03%",2.93,2.93,2.93,2.93
27/08/2020,2.93,2.93,2.93,2.93,"1,76K","0,00%",2.93,2.93,2.93,2.93
28/08/2020,3.05,3.05,3.05,3.05,"0,77K","4,10%",3.05,3.05,3.05,3.05
31/08/2020,3.0,3.0,3.0,3.0,"0,38K","-1,64%",3.0,3.0,3.0,3.0
01/09/2020,2.885,2.885,2.885,2.885,"0,30K","-3,83%",2.885,2.885,2.885,2.885
02/09/2020,2.8,2.8,2.8,2.8,"0,35K","-2,95%",2.8,2.8,2.8,2.8
03/09/2020,2.8,2.8,2.8,2.8,"0,52K","0,00%",2.8,2.8,2.8,2.8
04/09/2020,2.85,2.85,2.85,2.85,"0,24K","1,79%",2.85,2.85,2.85,2.85
07/09/2020,2.8,2.8,2.8,2.8,"3,12K","-1,75%",2.8,2.8,2.8,2.8
08/09/2020,2.8,2.8,2.8,2.8,"1,12K","0,00%",2.8,2.8,2.8,2.8
09/09/2020,2.85,2.85,2.85,2.85,"1,28K","1,79%",2.85,2.85,2.85,2.85
10/09/2020,2.8,2.8,2.8,2.8,"6,15K","-1,75%",2.8,2.8,2.8,2.8
11/09/2020,2.85,2.85,2.85,2.85,"0,00K","1,79%",2.85,2.85,2.85,2.85
14/09/2020,2.805,2.805,2.805,2.805,"0,08K","-1,58%",2.805,2.805,2.805,2.805
15/09/2020,2.85,2.85,2.85,2.85,"0,03K","1,60%",2.85,2.85,2.85,2.85
16/09/2020,2.84,2.84,2.84,2.84,"0,31K","-0,35%",2.84,2.84,2.84,2.84
17/09/2020,2.845,2.845,2.845,2.845,"0,30K","0,18%",2.845,2.845,2.845,2.845
18/09/2020,2.825,2.825,2.825,2.825,"0,49K","-0,70%",2.825,2.825,2.825,2.825
21/09/2020,2.85,2.85,2.85,2.85,"0,95K","0,88%",2.85,2.85,2.85,2.85
22/09/2020,2.95,2.95,2.95,2.95,"0,30K","3,51%",2.95,2.95,2.95,2.95
24/09/2020,2.825,2.825,2.825,2.825,"0,07K","-4,24%",2.825,2.825,2.825,2.825
25/09/2020,2.95,2.95,2.95,2.95,"0,35K","4,42%",2.95,2.95,2.95,2.95
28/09/2020,2.99,2.99,2.99,2.99,"0,69K","1,36%",2.99,2.99,2.99,2.99
29/09/2020,3.0,3.0,3.0,3.0,"0,13K","0,33%",3.0,3.0,3.0,3.0
30/09/2020,3.185,3.185,3.185,3.185,"1,09K","6,17%",3.185,3.185,3.185,3.185
01/10/2020,3.0,3.0,3.0,3.0,"0,09K","-5,81%",3.0,3.0,3.0,3.0
02/10/2020,3.0,3.0,3.0,3.0,"0,01K","0,00%",3.0,3.0,3.0,3.0
05/10/2020,2.9,2.9,2.9,2.9,"2,18K","-3,33%",2.9,2.9,2.9,2.9
06/10/2020,2.9,2.9,2.9,2.9,"10,01K","0,00%",2.9,2.9,2.9,2.9
07/10/2020,3.085,3.085,3.085,3.085,"0,81K","6,38%",3.085,3.085,3.085,3.085
08/10/2020,2.89,2.89,2.89,2.89,"0,03K","-6,32%",2.89,2.89,2.89,2.89
09/10/2020,2.9,2.9,2.9,2.9,"3,13K","0,35%",2.9,2.9,2.9,2.9
12/10/2020,2.89,2.89,2.89,2.89,"1,18K","-0,34%",2.89,2.89,2.89,2.89
13/10/2020,2.7,2.7,2.7,2.7,"0,21K","-6,57%",2.7,2.7,2.7,2.7
14/10/2020,2.895,2.895,2.895,2.895,"0,65K","7,22%",2.895,2.895,2.895,2.895
15/10/2020,2.895,2.895,2.895,2.895,"3,67K","0,00%",2.895,2.895,2.895,2.895
16/10/2020,2.95,2.95,2.95,2.95,"1,19K","1,90%",2.95,2.95,2.95,2.95
19/10/2020,3.05,3.05,3.05,3.05,"0,89K","3,39%",3.05,3.05,3.05,3.05
20/10/2020,3.04,3.04,3.04,3.04,"0,00K","-0,33%",3.04,3.04,3.04,3.04
21/10/2020,3.05,3.05,3.05,3.05,"3,77K","0,33%",3.05,3.05,3.05,3.05
22/10/2020,3.04,3.04,3.04,3.04,"0,18K","-0,33%",3.04,3.04,3.04,3.04
23/10/2020,3.025,3.025,3.025,3.025,"0,29K","-0,49%",3.025,3.025,3.025,3.025
26/10/2020,2.9,2.9,2.9,2.9,"0,00K","-4,13%",2.9,2.9,2.9,2.9
27/10/2020,3.05,3.05,3.05,3.05,"2,53K","5,17%",3.05,3.05,3.05,3.05
28/10/2020,3.2,3.2,3.2,3.2,"0,72K","4,92%",3.2,3.2,3.2,3.2
30/10/2020,3.4,3.4,3.4,3.4,"1,38K","6,25%",3.4,3.4,3.4,3.4
03/11/2020,3.145,3.145,3.145,3.145,"0,18K","-7,50%",3.145,3.145,3.145,3.145
04/11/2020,2.91,2.91,2.91,2.91,"0,48K","-7,47%",2.91,2.91,2.91,2.91
05/11/2020,3.125,3.125,3.125,3.125,"1,00M","7,39%",3.125,3.125,3.125,3.125
06/11/2020,3.2,3.2,3.2,3.2,"0,47K","2,40%",3.2,3.2,3.2,3.2
09/11/2020,3.2,3.2,3.2,3.2,"0,37K","0,00%",3.2,3.2,3.2,3.2
10/11/2020,3.2,3.2,3.2,3.2,"4,30K","0,00%",3.2,3.2,3.2,3.2
11/11/2020,3.2,3.2,3.2,3.2,"0,19K","0,00%",3.2,3.2,3.2,3.2
12/11/2020,3.19,3.19,3.19,3.19,"0,10K","-0,31%",3.19,3.19,3.19,3.19
13/11/2020,3.2,3.2,3.2,3.2,"0,54K","0,31%",3.2,3.2,3.2,3.2
16/11/2020,3.29,3.29,3.29,3.29,"0,20K","2,81%",3.29,3.29,3.29,3.29
17/11/2020,3.25,3.25,3.25,3.25,"12,65K","-1,22%",3.25,3.25,3.25,3.25
18/11/2020,3.4,3.4,3.4,3.4,"1,16K","4,62%",3.4,3.4,3.4,3.4
19/11/2020,3.255,3.255,3.255,3.255,"0,51K","-4,26%",3.255,3.255,3.255,3.255
20/11/2020,3.3,3.3,3.3,3.3,"7,80K","1,38%",3.3,3.3,3.3,3.3
23/11/2020,3.39,3.39,3.39,3.39,"1,44K","2,73%",3.39,3.39,3.39,3.39
24/11/2020,3.385,3.385,3.385,3.385,"1,60K","-0,15%",3.385,3.385,3.385,3.385
25/11/2020,3.385,3.385,3.385,3.385,"0,26K","0,00%",3.385,3.385,3.385,3.385
26/11/2020,3.38,3.38,3.38,3.38,"0,13K","-0,15%",3.38,3.38,3.38,3.38
27/11/2020,3.38,3.38,3.38,3.38,"0,10K","0,00%",3.38,3.38,3.38,3.38
30/11/2020,3.37,3.37,3.37,3.37,"0,08K","-0,30%",3.37,3.37,3.37,3.37
01/12/2020,3.375,3.375,3.375,3.375,"0,29K","0,15%",3.375,3.375,3.375,3.375
02/12/2020,3.39,3.39,3.39,3.39,"1,05K","0,44%",3.39,3.39,3.39,3.39
03/12/2020,3.37,3.37,3.37,3.37,"0,09K","-0,59%",3.37,3.37,3.37,3.37
04/12/2020,3.375,3.375,3.375,3.375,"2,63K","0,15%",3.375,3.375,3.375,3.375
07/12/2020,3.15,3.15,3.15,3.15,"4,51K","-6,67%",3.15,3.15,3.15,3.15
08/12/2020,3.38,3.38,3.38,3.38,"1,27K","7,30%",3.38,3.38,3.38,3.38
09/12/2020,3.15,3.15,3.15,3.15,"9,48K","-6,80%",3.15,3.15,3.15,3.15
10/12/2020,3.38,3.38,3.38,3.38,"629,77K","7,30%",3.38,3.38,3.38,3.38
11/12/2020,3.39,3.39,3.39,3.39,"1,25K","0,30%",3.39,3.39,3.39,3.39
14/12/2020,3.39,3.39,3.39,3.39,"0,00K","0,00%",3.39,3.39,3.39,3.39
15/12/2020,3.285,3.285,3.285,3.285,"1,07K","-3,10%",3.285,3.285,3.285,3.285
16/12/2020,3.39,3.39,3.39,3.39,"5,42K","3,20%",3.39,3.39,3.39,3.39
17/12/2020,3.3,3.3,3.3,3.3,"2,44K","-2,65%",3.3,3.3,3.3,3.3
18/12/2020,3.515,3.515,3.515,3.515,"31,09K","6,52%",3.515,3.515,3.515,3.515
21/12/2020,3.49,3.49,3.49,3.49,"0,10K","-0,71%",3.49,3.49,3.49,3.49
22/12/2020,3.5,3.5,3.5,3.5,"10,42K","0,29%",3.5,3.5,3.5,3.5
23/12/2020,3.64,3.64,3.64,3.64,"93,86K","4,00%",3.64,3.64,3.64,3.64
24/12/2020,3.64,3.64,3.64,3.64,"2,01K","0,00%",3.64,3.64,3.64,3.64
28/12/2020,3.795,3.795,3.795,3.795,"18,70K","4,26%",3.795,3.795,3.795,3.795
29/12/2020,3.65,3.65,3.65,3.65,"0,01K","-3,82%",3.65,3.65,3.65,3.65
30/12/2020,3.8,3.8,3.8,3.8,"85,00K","4,11%",3.8,3.8,3.8,3.8
31/12/2020,3.895,3.895,3.895,3.895,"1,05M","2,50%",3.895,3.895,3.895,3.895
05/01/2021,3.605,3.605,3.605,3.605,"0,01K","-7,45%",3.605,3.605,3.605,3.605
06/01/2021,3.4,3.4,3.4,3.4,"1,02K","-5,69%",3.4,3.4,3.4,3.4
07/01/2021,3.2,3.2,3.2,3.2,"0,65K","-5,88%",3.2,3.2,3.2,3.2
08/01/2021,3.2,3.2,3.2,3.2,"2,29K","0,00%",3.2,3.2,3.2,3.2
11/01/2021,3.105,3.105,3.105,3.105,"0,67K","-2,97%",3.105,3.105,3.105,3.105
12/01/2021,3.2,3.2,3.2,3.2,"1,95K","3,06%",3.2,3.2,3.2,3.2
13/01/2021,3.105,3.105,3.105,3.105,"8,57K","-2,97%",3.105,3.105,3.105,3.105
14/01/2021,3.1,3.1,3.1,3.1,"0,99K","-0,16%",3.1,3.1,3.1,3.1
15/01/2021,3.1,3.1,3.1,3.1,"0,39K","0,00%",3.1,3.1,3.1,3.1
18/01/2021,3.105,3.105,3.105,3.105,"0,41K","0,16%",3.105,3.105,3.105,3.105
19/01/2021,3.2,3.2,3.2,3.2,"0,26K","3,06%",3.2,3.2,3.2,3.2
20/01/2021,3.25,3.25,3.25,3.25,"1,00K","1,56%",3.25,3.25,3.25,3.25
21/01/2021,3.295,3.295,3.295,3.295,"0,79K","1,38%",3.295,3.295,3.295,3.295
22/01/2021,3.395,3.395,3.395,3.395,"0,94K","3,03%",3.395,3.395,3.395,3.395
25/01/2021,3.395,3.395,3.395,3.395,"0,21K","0,00%",3.395,3.395,3.395,3.395
26/01/2021,3.3,3.3,3.3,3.3,"0,09K","-2,80%",3.3,3.3,3.3,3.3
27/01/2021,3.4,3.4,3.4,3.4,"0,87K","3,03%",3.4,3.4,3.4,3.4
28/01/2021,3.385,3.385,3.385,3.385,"0,23K","-0,44%",3.385,3.385,3.385,3.385
29/01/2021,3.39,3.39,3.39,3.39,"1,32K","0,15%",3.39,3.39,3.39,3.39
01/02/2021,3.4,3.4,3.4,3.4,"0,77K","0,29%",3.4,3.4,3.4,3.4
02/02/2021,3.255,3.255,3.255,3.255,"1,73K","-4,26%",3.255,3.255,3.255,3.255
03/02/2021,3.39,3.39,3.39,3.39,"0,45K","4,15%",3.39,3.39,3.39,3.39
04/02/2021,3.395,3.395,3.395,3.395,"0,70K","0,15%",3.395,3.395,3.395,3.395
05/02/2021,3.39,3.39,3.39,3.39,"2,40K","-0,15%",3.39,3.39,3.39,3.39
08/02/2021,3.35,3.35,3.35,3.35,"0,17K","-1,18%",3.35,3.35,3.35,3.35
09/02/2021,3.35,3.35,3.35,3.35,"0,08K","0,00%",3.35,3.35,3.35,3.35
10/02/2021,3.35,3.35,3.35,3.35,"0,89K","0,00%",3.35,3.35,3.35,3.35
11/02/2021,3.325,3.325,3.325,3.325,"1,49K","-0,75%",3.325,3.325,3.325,3.325
12/02/2021,3.295,3.295,3.295,3.295,"0,20K","-0,90%",3.295,3.295,3.295,3.295
15/02/2021,3.3,3.3,3.3,3.3,"0,15K","0,15%",3.3,3.3,3.3,3.3
16/02/2021,3.295,3.295,3.295,3.295,"0,49K","-0,15%",3.295,3.295,3.295,3.295
17/02/2021,3.3,3.3,3.3,3.3,"0,36K","0,15%",3.3,3.3,3.3,3.3
18/02/2021,3.295,3.295,3.295,3.295,"0,42K","-0,15%",3.295,3.295,3.295,3.295
19/02/2021,3.29,3.29,3.29,3.29,"0,06K","-0,15%",3.29,3.29,3.29,3.29
22/02/2021,3.29,3.29,3.29,3.29,"0,88K","0,00%",3.29,3.29,3.29,3.29
23/02/2021,3.3,3.3,3.3,3.3,"0,31K","0,30%",3.3,3.3,3.3,3.3
24/02/2021,3.29,3.29,3.29,3.29,"0,55K","-0,30%",3.29,3.29,3.29,3.29
25/02/2021,3.295,3.295,3.295,3.295,"0,67K","0,15%",3.295,3.295,3.295,3.295
26/02/2021,3.325,3.325,3.325,3.325,"0,65K","0,91%",3.325,3.325,3.325,3.325
01/03/2021,3.5,3.5,3.5,3.5,"0,45K","5,26%",3.5,3.5,3.5,3.5
02/03/2021,3.425,3.425,3.425,3.425,"0,77K","-2,14%",3.425,3.425,3.425,3.425
03/03/2021,3.5,3.5,3.5,3.5,"0,34K","2,19%",3.5,3.5,3.5,3.5
04/03/2021,3.5,3.5,3.5,3.5,"0,91K","0,00%",3.5,3.5,3.5,3.5
05/03/2021,3.55,3.55,3.55,3.55,"0,01K","1,43%",3.55,3.55,3.55,3.55
08/03/2021,3.53,3.53,3.53,3.53,"0,05K","-0,56%",3.53,3.53,3.53,3.53
09/03/2021,3.5,3.5,3.5,3.5,"2,42K","-0,85%",3.5,3.5,3.5,3.5
10/03/2021,3.5,3.5,3.5,3.5,"0,31K","0,00%",3.5,3.5,3.5,3.5
11/03/2021,3.515,3.515,3.515,3.515,"2,07K","0,43%",3.515,3.515,3.515,3.515
12/03/2021,3.55,3.55,3.55,3.55,"0,07K","1,00%",3.55,3.55,3.55,3.55
15/03/2021,3.55,3.55,3.55,3.55,"0,31K","0,00%",3.55,3.55,3.55,3.55
16/03/2021,3.5,3.5,3.5,3.5,"1,36K","-1,41%",3.5,3.5,3.5,3.5
17/03/2021,3.5,3.5,3.5,3.5,"0,43K","0,00%",3.5,3.5,3.5,3.5
18/03/2021,3.5,3.5,3.5,3.5,"1,45K","0,00%",3.5,3.5,3.5,3.5
19/03/2021,3.5,3.5,3.5,3.5,"2,16K","0,00%",3.5,3.5,3.5,3.5
22/03/2021,3.58,3.58,3.58,3.58,"0,89K","2,29%",3.58,3.58,3.58,3.58
23/03/2021,3.6,3.6,3.6,3.6,"0,43K","0,56%",3.6,3.6,3.6,3.6
24/03/2021,3.6,3.6,3.6,3.6,"0,67K","0,00%",3.6,3.6,3.6,3.6
25/03/2021,3.595,3.595,3.595,3.595,"0,31K","-0,14%",3.595,3.595,3.595,3.595
26/03/2021,3.35,3.35,3.35,3.35,"4,64K","-6,82%",3.35,3.35,3.35,3.35
29/03/2021,3.3,3.3,3.3,3.3,"106,04K","-1,49%",3.3,3.3,3.3,3.3
30/03/2021,3.545,3.545,3.545,3.545,"0,45K","7,42%",3.545,3.545,3.545,3.545
31/03/2021,3.31,3.31,3.31,3.31,"2,80K","-6,63%",3.31,3.31,3.31,3.31
01/04/2021,3.555,3.555,3.555,3.555,"0,34K","7,40%",3.555,3.555,3.555,3.555
02/04/2021,3.59,3.59,3.59,3.59,"0,71K","0,98%",3.59,3.59,3.59,3.59
06/04/2021,3.4,3.4,3.4,3.4,"3,17K","-5,29%",3.4,3.4,3.4,3.4
07/04/2021,3.6,3.6,3.6,3.6,"13,82K","5,88%",3.6,3.6,3.6,3.6
08/04/2021,3.6,3.6,3.6,3.6,"1,08K","0,00%",3.6,3.6,3.6,3.6
09/04/2021,3.5,3.5,3.5,3.5,"0,31K","-2,78%",3.5,3.5,3.5,3.5
12/04/2021,3.4,3.4,3.4,3.4,"1,03K","-2,86%",3.4,3.4,3.4,3.4
13/04/2021,3.2,3.2,3.2,3.2,"41,50K","-5,88%",3.2,3.2,3.2,3.2
14/04/2021,3.21,3.21,3.21,3.21,"2,41K","0,31%",3.21,3.21,3.21,3.21
15/04/2021,3.3,3.3,3.3,3.3,"163,51K","2,80%",3.3,3.3,3.3,3.3
16/04/2021,3.5,3.5,3.5,3.5,"0,06K","6,06%",3.5,3.5,3.5,3.5
19/04/2021,3.495,3.495,3.495,3.495,"0,24K","-0,14%",3.495,3.495,3.495,3.495
20/04/2021,3.48,3.48,3.48,3.48,"142,33K","-0,43%",3.48,3.48,3.48,3.48
21/04/2021,3.45,3.45,3.45,3.45,"0,09K","-0,86%",3.45,3.45,3.45,3.45
22/04/2021,3.5,3.5,3.5,3.5,"4,72K","1,45%",3.5,3.5,3.5,3.5
23/04/2021,3.6,3.6,3.6,3.6,"2,42K","2,86%",3.6,3.6,3.6,3.6
26/04/2021,3.595,3.595,3.595,3.595,"0,10K","-0,14%",3.595,3.595,3.595,3.595
27/04/2021,3.5,3.5,3.5,3.5,"0,66K","-2,64%",3.5,3.5,3.5,3.5
28/04/2021,3.59,3.59,3.59,3.59,"0,63K","2,57%",3.59,3.59,3.59,3.59
29/04/2021,3.59,3.59,3.59,3.59,"0,32K","0,00%",3.59,3.59,3.59,3.59
30/04/2021,3.6,3.6,3.6,3.6,"0,03K","0,28%",3.6,3.6,3.6,3.6
03/05/2021,3.59,3.59,3.59,3.59,"0,59K","-0,28%",3.59,3.59,3.59,3.59
04/05/2021,3.345,3.345,3.345,3.345,"0,57K","-6,82%",3.345,3.345,3.345,3.345
05/05/2021,3.5,3.5,3.5,3.5,"0,74K","4,63%",3.5,3.5,3.5,3.5
06/05/2021,3.405,3.405,3.405,3.405,"0,59K","-2,71%",3.405,3.405,3.405,3.405
07/05/2021,3.45,3.45,3.45,3.45,"0,39K","1,32%",3.45,3.45,3.45,3.45
10/05/2021,3.3,3.3,3.3,3.3,"0,19K","-4,35%",3.3,3.3,3.3,3.3
11/05/2021,3.29,3.29,3.29,3.29,"2,60K","-0,30%",3.29,3.29,3.29,3.29
14/05/2021,3.2,3.2,3.2,3.2,"2,03K","-2,74%",3.2,3.2,3.2,3.2
17/05/2021,3.225,3.225,3.225,3.225,"0,63K","0,78%",3.225,3.225,3.225,3.225
18/05/2021,3.25,3.25,3.25,3.25,"0,42K","0,78%",3.25,3.25,3.25,3.25
19/05/2021,3.25,3.25,3.25,3.25,"0,27K","0,00%",3.25,3.25,3.25,3.25
20/05/2021,3.2,3.2,3.2,3.2,"3,66K","-1,54%",3.2,3.2,3.2,3.2
21/05/2021,3.25,3.25,3.25,3.25,"3,21K","1,56%",3.25,3.25,3.25,3.25
25/05/2021,3.35,3.35,3.35,3.35,"0,72K","3,08%",3.35,3.35,3.35,3.35
26/05/2021,3.35,3.35,3.35,3.35,"0,60K","0,00%",3.35,3.35,3.35,3.35
27/05/2021,3.425,3.425,3.425,3.425,"0,54K","2,24%",3.425,3.425,3.425,3.425
28/05/2021,3.35,3.35,3.35,3.35,"1,06K","-2,19%",3.35,3.35,3.35,3.35
31/05/2021,3.4,3.4,3.4,3.4,"0,26K","1,49%",3.4,3.4,3.4,3.4
01/06/2021,3.4,3.4,3.4,3.4,"1,30K","0,00%",3.4,3.4,3.4,3.4
02/06/2021,3.39,3.39,3.39,3.39,"0,72K","-0,29%",3.39,3.39,3.39,3.39
03/06/2021,3.375,3.375,3.375,3.375,"0,21K","-0,44%",3.375,3.375,3.375,3.375
04/06/2021,3.375,3.375,3.375,3.375,"0,26K","0,00%",3.375,3.375,3.375,3.375
07/06/2021,3.39,3.39,3.39,3.39,"0,42K","0,44%",3.39,3.39,3.39,3.39
08/06/2021,3.3,3.3,3.3,3.3,"1,17K","-2,65%",3.3,3.3,3.3,3.3
09/06/2021,3.385,3.385,3.385,3.385,"0,53K","2,58%",3.385,3.385,3.385,3.385
10/06/2021,3.375,3.375,3.375,3.375,"1,19K","-0,30%",3.375,3.375,3.375,3.375
11/06/2021,3.4,3.4,3.4,3.4,"2,03K","0,74%",3.4,3.4,3.4,3.4
14/06/2021,3.4,3.4,3.4,3.4,"0,66K","0,00%",3.4,3.4,3.4,3.4
15/06/2021,3.475,3.475,3.475,3.475,"0,09K","2,21%",3.475,3.475,3.475,3.475
16/06/2021,3.475,3.475,3.475,3.475,"18,81K","0,00%",3.475,3.475,3.475,3.475
17/06/2021,3.4,3.4,3.4,3.4,"0,69K","-2,16%",3.4,3.4,3.4,3.4
18/06/2021,3.4,3.4,3.4,3.4,"1,06K","0,00%",3.4,3.4,3.4,3.4
21/06/2021,3.4,3.4,3.4,3.4,"0,34K","0,00%",3.4,3.4,3.4,3.4
22/06/2021,3.395,3.395,3.395,3.395,"0,25K","-0,15%",3.395,3.395,3.395,3.395
23/06/2021,3.4,3.4,3.4,3.4,"0,67K","0,15%",3.4,3.4,3.4,3.4
24/06/2021,3.4,3.4,3.4,3.4,"2,42K","0,00%",3.4,3.4,3.4,3.4
25/06/2021,3.405,3.405,3.405,3.405,"0,18K","0,15%",3.405,3.405,3.405,3.405
28/06/2021,3.4,3.4,3.4,3.4,"0,54K","-0,15%",3.4,3.4,3.4,3.4
29/06/2021,3.4,3.4,3.4,3.4,"3,28K","0,00%",3.4,3.4,3.4,3.4
30/06/2021,3.4,3.4,3.4,3.4,"0,06K","0,00%",3.4,3.4,3.4,3.4
01/07/2021,3.3,3.3,3.3,3.3,"1,01K","-2,94%",3.3,3.3,3.3,3.3
02/07/2021,3.4,3.4,3.4,3.4,"0,13K","3,03%",3.4,3.4,3.4,3.4
05/07/2021,3.4,3.4,3.4,3.4,"0,93K","0,00%",3.4,3.4,3.4,3.4
06/07/2021,3.4,3.4,3.4,3.4,"64,70K","0,00%",3.4,3.4,3.4,3.4
07/07/2021,3.4,3.4,3.4,3.4,"32,51K","0,00%",3.4,3.4,3.4,3.4
08/07/2021,3.4,3.4,3.4,3.4,"0,10K","0,00%",3.4,3.4,3.4,3.4
09/07/2021,3.5,3.5,3.5,3.5,"0,49K","2,94%",3.5,3.5,3.5,3.5
12/07/2021,3.45,3.3,3.3,3.3,"0,05K","-1,43%",3.45,3.3,3.3,3.3
13/07/2021,3.445,3.445,3.445,3.445,"0,16K","-0,14%",3.445,3.445,3.445,3.445
14/07/2021,3.5,3.5,3.5,3.5,"0,45K","1,60%",3.5,3.5,3.5,3.5
15/07/2021,3.49,3.49,3.49,3.49,"0,24K","-0,29%",3.49,3.49,3.49,3.49
16/07/2021,3.495,3.495,3.495,3.495,"0,19K","0,14%",3.495,3.495,3.495,3.495
19/07/2021,3.5,3.5,3.5,3.5,"1,70K","0,14%",3.5,3.5,3.5,3.5
21/07/2021,3.5,3.5,3.5,3.5,"0,81K","0,00%",3.5,3.5,3.5,3.5
22/07/2021,3.59,3.59,3.59,3.59,"2,99K","2,57%",3.59,3.59,3.59,3.59
23/07/2021,3.58,3.58,3.58,3.58,"0,03K","-0,28%",3.58,3.58,3.58,3.58
26/07/2021,3.55,3.55,3.55,3.55,"0,10K","-0,84%",3.55,3.55,3.55,3.55
27/07/2021,3.545,3.545,3.545,3.545,"0,29K","-0,14%",3.545,3.545,3.545,3.545
28/07/2021,3.59,3.59,3.59,3.59,"0,66K","1,27%",3.59,3.59,3.59,3.59
29/07/2021,3.55,3.55,3.55,3.55,"0,46K","-1,11%",3.55,3.55,3.55,3.55
30/07/2021,3.6,3.6,3.6,3.6,"1,04K","1,41%",3.6,3.6,3.6,3.6
02/08/2021,3.6,3.6,3.6,3.6,"2,73K","0,00%",3.6,3.6,3.6,3.6
03/08/2021,3.6,3.6,3.6,3.6,"5,06K","0,00%",3.6,3.6,3.6,3.6
04/08/2021,3.6,3.6,3.6,3.6,"0,86K","0,00%",3.6,3.6,3.6,3.6
05/08/2021,3.6,3.6,3.6,3.6,"0,02K","0,00%",3.6,3.6,3.6,3.6
06/08/2021,3.65,3.65,3.65,3.65,"1,02K","1,39%",3.65,3.65,3.65,3.65
09/08/2021,3.6,3.6,3.6,3.6,"0,63K","-1,37%",3.6,3.6,3.6,3.6
10/08/2021,3.55,3.55,3.55,3.55,"0,24K","-1,39%",3.55,3.55,3.55,3.55
11/08/2021,3.6,3.6,3.6,3.6,"0,82K","1,41%",3.6,3.6,3.6,3.6
12/08/2021,3.605,3.605,3.605,3.605,"0,07K","0,14%",3.605,3.605,3.605,3.605
13/08/2021,3.625,3.625,3.625,3.625,"0,27K","0,55%",3.625,3.625,3.625,3.625
16/08/2021,3.625,3.625,3.625,3.625,"0,48K","0,00%",3.625,3.625,3.625,3.625
17/08/2021,3.75,3.75,3.75,3.75,"0,29K","3,45%",3.75,3.75,3.75,3.75
18/08/2021,3.75,3.75,3.75,3.75,"0,46K","0,00%",3.75,3.75,3.75,3.75
19/08/2021,3.75,3.75,3.75,3.75,"0,39K","0,00%",3.75,3.75,3.75,3.75
20/08/2021,3.745,3.745,3.745,3.745,"0,47K","-0,13%",3.745,3.745,3.745,3.745
23/08/2021,3.8,3.8,3.8,3.8,"1,08K","1,47%",3.8,3.8,3.8,3.8
24/08/2021,4.0,4.0,4.0,4.0,"1,16K","5,26%",4.0,4.0,4.0,4.0
25/08/2021,3.85,3.85,3.85,3.85,"0,72K","-3,75%",3.85,3.85,3.85,3.85
26/08/2021,3.85,3.85,3.85,3.85,"0,47K","0,00%",3.85,3.85,3.85,3.85
27/08/2021,3.85,3.85,3.85,3.85,"0,46K","0,00%",3.85,3.85,3.85,3.85
30/08/2021,3.9,3.9,3.9,3.9,"0,32K","1,30%",3.9,3.9,3.9,3.9
31/08/2021,3.99,3.99,3.99,3.99,"0,98K","2,31%",3.99,3.99,3.99,3.99
01/09/2021,3.85,3.85,3.85,3.85,"0,50K","-3,51%",3.85,3.85,3.85,3.85
02/09/2021,3.945,3.945,3.945,3.945,"0,06K","2,47%",3.945,3.945,3.945,3.945
03/09/2021,3.93,3.93,3.93,3.93,"0,14K","-0,38%",3.93,3.93,3.93,3.93
06/09/2021,3.855,3.855,3.855,3.855,"0,14K","-1,91%",3.855,3.855,3.855,3.855
07/09/2021,3.915,3.915,3.915,3.915,"0,32K","1,56%",3.915,3.915,3.915,3.915
08/09/2021,3.93,3.93,3.93,3.93,"0,80K","0,38%",3.93,3.93,3.93,3.93
09/09/2021,4.0,4.0,4.0,4.0,"4,52K","1,78%",4.0,4.0,4.0,4.0
10/09/2021,4.0,4.0,4.0,4.0,"0,96K","0,00%",4.0,4.0,4.0,4.0
13/09/2021,4.0,4.0,4.0,4.0,"0,25K","0,00%",4.0,4.0,4.0,4.0
14/09/2021,4.0,4.0,4.0,4.0,"0,63K","0,00%",4.0,4.0,4.0,4.0
15/09/2021,4.15,4.15,4.15,4.15,"6,76K","3,75%",4.15,4.15,4.15,4.15
16/09/2021,4.01,4.01,4.01,4.01,"0,38K","-3,37%",4.01,4.01,4.01,4.01
17/09/2021,4.04,4.04,4.04,4.04,"1,03K","0,75%",4.04,4.04,4.04,4.04
20/09/2021,4.15,4.15,4.15,4.15,"0,27K","2,72%",4.15,4.15,4.15,4.15
21/09/2021,4.2,4.2,4.2,4.2,"12,23K","1,20%",4.2,4.2,4.2,4.2
22/09/2021,4.2,4.2,4.2,4.2,"1,50K","0,00%",4.2,4.2,4.2,4.2
23/09/2021,4.15,4.15,4.15,4.15,"6,93K","-1,19%",4.15,4.15,4.15,4.15
24/09/2021,4.14,4.14,4.14,4.14,"1,28K","-0,24%",4.14,4.14,4.14,4.14
27/09/2021,4.04,4.04,4.04,4.04,"4,50K","-2,42%",4.04,4.04,4.04,4.04
28/09/2021,4.1,4.1,4.1,4.1,"1,09K","1,49%",4.1,4.1,4.1,4.1
29/09/2021,4.15,4.15,4.15,4.15,"0,70K","1,22%",4.15,4.15,4.15,4.15
30/09/2021,4.1,4.1,4.1,4.1,"0,48K","-1,20%",4.1,4.1,4.1,4.1
01/10/2021,4.1,4.1,4.1,4.1,"0,97K","0,00%",4.1,4.1,4.1,4.1
04/10/2021,4.1,4.1,4.1,4.1,"0,29K","0,00%",4.1,4.1,4.1,4.1
05/10/2021,4.15,4.15,4.15,4.15,"3,34K","1,22%",4.15,4.15,4.15,4.15
06/10/2021,4.155,4.155,4.155,4.155,"1,26K","0,12%",4.155,4.155,4.155,4.155
07/10/2021,4.45,4.45,4.45,4.45,"0,06K","7,10%",4.45,4.45,4.45,4.45
08/10/2021,4.21,4.21,4.21,4.21,"0,13K","-5,39%",4.21,4.21,4.21,4.21
11/10/2021,4.3,4.3,4.3,4.3,"1,07K","2,14%",4.3,4.3,4.3,4.3
12/10/2021,4.3,4.3,4.3,4.3,"0,64K","0,00%",4.3,4.3,4.3,4.3
13/10/2021,4.25,4.25,4.25,4.25,"1,76K","-1,16%",4.25,4.25,4.25,4.25
14/10/2021,4.39,4.39,4.39,4.39,"0,22K","3,29%",4.39,4.39,4.39,4.39
15/10/2021,4.385,4.385,4.385,4.385,"1,27K","-0,11%",4.385,4.385,4.385,4.385
19/10/2021,4.345,4.345,4.345,4.345,"1,19K","-0,91%",4.345,4.345,4.345,4.345
20/10/2021,4.34,4.34,4.34,4.34,"3,74K","-0,12%",4.34,4.34,4.34,4.34
21/10/2021,4.3,4.3,4.3,4.3,"1,94K","-0,92%",4.3,4.3,4.3,4.3
22/10/2021,4.35,4.35,4.35,4.35,"0,80K","1,16%",4.35,4.35,4.35,4.35
25/10/2021,4.4,4.4,4.4,4.4,"0,22K","1,15%",4.4,4.4,4.4,4.4
26/10/2021,4.4,4.4,4.4,4.4,"1,13K","0,00%",4.4,4.4,4.4,4.4
27/10/2021,4.4,4.4,4.4,4.4,"1,08K","0,00%",4.4,4.4,4.4,4.4
28/10/2021,4.4,4.4,4.4,4.4,"0,08K","0,00%",4.4,4.4,4.4,4.4
29/10/2021,4.4,4.4,4.4,4.4,"0,26K","0,00%",4.4,4.4,4.4,4.4
02/11/2021,4.4,4.4,4.4,4.4,"1,52K","0,00%",4.4,4.4,4.4,4.4
03/11/2021,4.4,4.4,4.4,4.4,"0,87K","0,00%",4.4,4.4,4.4,4.4
04/11/2021,4.4,4.4,4.4,4.4,"1,17K","0,00%",4.4,4.4,4.4,4.4
05/11/2021,4.35,4.35,4.35,4.35,"1,79K","-1,14%",4.35,4.35,4.35,4.35
08/11/2021,4.345,4.345,4.345,4.345,"0,21K","-0,11%",4.345,4.345,4.345,4.345
09/11/2021,4.3,4.3,4.3,4.3,"0,37K","-1,04%",4.3,4.3,4.3,4.3
10/11/2021,4.3,4.3,4.3,4.3,"0,52K","0,00%",4.3,4.3,4.3,4.3
11/11/2021,4.35,4.35,4.35,4.35,"0,37K","1,16%",4.35,4.35,4.35,4.35
12/11/2021,4.35,4.35,4.35,4.35,"0,01K","0,00%",4.35,4.35,4.35,4.35
16/11/2021,4.3,4.3,4.3,4.3,"2,35K","-1,15%",4.3,4.3,4.3,4.3
17/11/2021,4.35,4.35,4.35,4.35,"0,72K","1,16%",4.35,4.35,4.35,4.35
18/11/2021,4.35,4.35,4.35,4.35,"3,81K","0,00%",4.35,4.35,4.35,4.35
19/11/2021,4.4,4.4,4.4,4.4,"0,45K","1,15%",4.4,4.4,4.4,4.4
22/11/2021,4.25,4.25,4.25,4.25,"0,24K","-3,41%",4.25,4.25,4.25,4.25
23/11/2021,4.495,4.495,4.495,4.495,"3,15K","5,76%",4.495,4.495,4.495,4.495
24/11/2021,4.6,4.6,4.6,4.6,"5,84K","2,34%",4.6,4.6,4.6,4.6
25/11/2021,4.945,4.945,4.945,4.945,"1,25K","7,50%",4.945,4.945,4.945,4.945
26/11/2021,5.2,5.2,5.2,5.2,"1,33K","5,16%",5.2,5.2,5.2,5.2
29/11/2021,5.025,5.025,5.025,5.025,"1,33K","-3,37%",5.025,5.025,5.025,5.025
30/11/2021,5.015,5.015,5.015,5.015,"1,54K","-0,20%",5.015,5.015,5.015,5.015
01/12/2021,5.055,5.055,5.055,5.055,"4,05K","0,80%",5.055,5.055,5.055,5.055
02/12/2021,5.005,5.005,5.005,5.005,"3,08K","-0,99%",5.005,5.005,5.005,5.005
03/12/2021,5.005,5.005,5.005,5.005,"2,53K","0,00%",5.005,5.005,5.005,5.005
06/12/2021,5.0,5.0,5.0,5.0,"2,57K","-0,10%",5.0,5.0,5.0,5.0
07/12/2021,5.0,5.0,5.0,5.0,"3,97K","0,00%",5.0,5.0,5.0,5.0
08/12/2021,4.955,4.955,4.955,4.955,"0,79K","-0,90%",4.955,4.955,4.955,4.955
09/12/2021,4.955,4.955,4.955,4.955,"2,85K","0,00%",4.955,4.955,4.955,4.955
10/12/2021,4.945,4.945,4.945,4.945,"2,35K","-0,20%",4.945,4.945,4.945,4.945
13/12/2021,4.8,4.8,4.8,4.8,"0,33K","-2,93%",4.8,4.8,4.8,4.8
14/12/2021,5.0,5.0,5.0,5.0,"2,40K","4,17%",5.0,5.0,5.0,5.0
15/12/2021,4.99,4.99,4.99,4.99,"0,62K","-0,20%",4.99,4.99,4.99,4.99
16/12/2021,4.9,4.9,4.9,4.9,"0,28K","-1,80%",4.9,4.9,4.9,4.9
17/12/2021,4.985,4.985,4.985,4.985,"2,89K","1,73%",4.985,4.985,4.985,4.985
20/12/2021,4.98,4.98,4.98,4.98,"1,67K","-0,10%",4.98,4.98,4.98,4.98
21/12/2021,4.66,4.66,4.66,4.66,"0,58K","-6,43%",4.66,4.66,4.66,4.66
22/12/2021,4.9,4.9,4.9,4.9,"0,28K","5,15%",4.9,4.9,4.9,4.9
23/12/2021,4.895,4.895,4.895,4.895,"0,39K","-0,10%",4.895,4.895,4.895,4.895
24/12/2021,4.895,4.895,4.895,4.895,"0,16K","0,00%",4.895,4.895,4.895,4.895
27/12/2021,4.895,4.895,4.895,4.895,"1,69K","0,00%",4.895,4.895,4.895,4.895
28/12/2021,4.9,4.9,4.9,4.9,"0,27K","0,10%",4.9,4.9,4.9,4.9
29/12/2021,4.845,4.845,4.845,4.845,"3,40K","-1,12%",4.845,4.845,4.845,4.845
30/12/2021,4.795,4.795,4.795,4.795,"18,18K","-1,03%",4.795,4.795,4.795,4.795
31/12/2021,4.785,4.785,4.785,4.785,"3,41K","-0,21%",4.785,4.785,4.785,4.785
03/01/2022,4.775,4.775,4.775,4.775,"0,47K","-0,21%",4.775,4.775,4.775,4.775
04/01/2022,4.5,4.5,4.5,4.5,"0,61K","-5,76%",4.5,4.5,4.5,4.5
05/01/2022,4.49,4.49,4.49,4.49,"0,40K","-0,22%",4.49,4.49,4.49,4.49
06/01/2022,4.45,4.45,4.45,4.45,"1,41K","-0,89%",4.45,4.45,4.45,4.45
07/01/2022,4.4,4.4,4.4,4.4,"1,17K","-1,12%",4.4,4.4,4.4,4.4
10/01/2022,4.45,4.45,4.45,4.45,"2,64K","1,14%",4.45,4.45,4.45,4.45
11/01/2022,4.375,4.375,4.375,4.375,"0,59K","-1,69%",4.375,4.375,4.375,4.375
12/01/2022,4.375,4.375,4.375,4.375,"0,94K","0,00%",4.375,4.375,4.375,4.375
13/01/2022,4.375,4.375,4.375,4.375,"0,79K","0,00%",4.375,4.375,4.375,4.375
14/01/2022,4.375,4.375,4.375,4.375,"1,01K","0,00%",4.375,4.375,4.375,4.375
17/01/2022,4.395,4.395,4.395,4.395,"0,91K","0,46%",4.395,4.395,4.395,4.395
18/01/2022,4.385,4.385,4.385,4.385,"0,23K","-0,23%",4.385,4.385,4.385,4.385
19/01/2022,4.49,4.49,4.49,4.49,"2,04K","2,39%",4.49,4.49,4.49,4.49
20/01/2022,4.785,4.785,4.785,4.785,"1,79K","6,57%",4.785,4.785,4.785,4.785
21/01/2022,4.7,4.7,4.7,4.7,"0,25K","-1,78%",4.7,4.7,4.7,4.7
24/01/2022,4.695,4.695,4.695,4.695,"0,01K","-0,11%",4.695,4.695,4.695,4.695
25/01/2022,4.69,4.69,4.69,4.69,"0,31K","-0,11%",4.69,4.69,4.69,4.69
26/01/2022,4.695,4.695,4.695,4.695,"2,96K","0,11%",4.695,4.695,4.695,4.695
27/01/2022,4.7,4.7,4.7,4.7,"0,14K","0,11%",4.7,4.7,4.7,4.7
28/01/2022,4.695,4.695,4.695,4.695,"0,08K","-0,11%",4.695,4.695,4.695,4.695
31/01/2022,4.7,4.7,4.7,4.7,"0,55K","0,11%",4.7,4.7,4.7,4.7
01/02/2022,4.745,4.745,4.745,4.745,"0,48K","0,96%",4.745,4.745,4.745,4.745
02/02/2022,4.725,4.725,4.725,4.725,"0,12K","-0,42%",4.725,4.725,4.725,4.725
03/02/2022,4.72,4.72,4.72,4.72,"0,29K","-0,11%",4.72,4.72,4.72,4.72
04/02/2022,4.715,4.715,4.715,4.715,"0,19K","-0,11%",4.715,4.715,4.715,4.715
07/02/2022,4.7,4.7,4.7,4.7,"0,07K","-0,32%",4.7,4.7,4.7,4.7
08/02/2022,4.65,4.65,4.65,4.65,"0,78K","-1,06%",4.65,4.65,4.65,4.65
09/02/2022,4.675,4.675,4.675,4.675,"0,16K","0,54%",4.675,4.675,4.675,4.675
10/02/2022,4.675,4.675,4.675,4.675,"1,11K","0,00%",4.675,4.675,4.675,4.675
11/02/2022,4.6,4.6,4.6,4.6,"1,00K","-1,60%",4.6,4.6,4.6,4.6
14/02/2022,4.505,4.505,4.505,4.505,"0,57K","-2,07%",4.505,4.505,4.505,4.505
15/02/2022,4.6,4.6,4.6,4.6,"4,91K","2,11%",4.6,4.6,4.6,4.6
16/02/2022,4.55,4.55,4.55,4.55,"0,64K","-1,09%",4.55,4.55,4.55,4.55
17/02/2022,4.6,4.6,4.6,4.6,"3,46K","1,10%",4.6,4.6,4.6,4.6
18/02/2022,4.595,4.595,4.595,4.595,"0,38K","-0,11%",4.595,4.595,4.595,4.595
21/02/2022,4.595,4.595,4.595,4.595,"1,99K","0,00%",4.595,4.595,4.595,4.595
22/02/2022,4.5,4.5,4.5,4.5,"4,90K","-2,07%",4.5,4.5,4.5,4.5
23/02/2022,4.3,4.3,4.3,4.3,"7,78K","-4,44%",4.3,4.3,4.3,4.3
24/02/2022,4.325,4.325,4.325,4.325,"119,41K","0,58%",4.325,4.325,4.325,4.325
25/02/2022,4.4,4.4,4.4,4.4,"1,95K","1,73%",4.4,4.4,4.4,4.4
28/02/2022,4.5,4.5,4.5,4.5,"2,23K","2,27%",4.5,4.5,4.5,4.5
01/03/2022,4.46,4.46,4.46,4.46,"4,20K","-0,89%",4.46,4.46,4.46,4.46
02/03/2022,4.44,4.44,4.44,4.44,"1,16K","-0,45%",4.44,4.44,4.44,4.44
03/03/2022,4.5,4.5,4.5,4.5,"3,59K","1,35%",4.5,4.5,4.5,4.5
04/03/2022,4.5,4.5,4.5,4.5,"0,40K","0,00%",4.5,4.5,4.5,4.5
07/03/2022,4.5,4.5,4.5,4.5,"1,02K","0,00%",4.5,4.5,4.5,4.5
08/03/2022,4.65,4.65,4.65,4.65,"2,11K","3,33%",4.65,4.65,4.65,4.65
09/03/2022,4.695,4.695,4.695,4.695,"0,97K","0,97%",4.695,4.695,4.695,4.695
10/03/2022,4.69,4.69,4.69,4.69,"1,10K","-0,11%",4.69,4.69,4.69,4.69
11/03/2022,4.69,4.69,4.69,4.69,"0,17K","0,00%",4.69,4.69,4.69,4.69
14/03/2022,4.695,4.695,4.695,4.695,"2,58K","0,11%",4.695,4.695,4.695,4.695
15/03/2022,4.65,4.65,4.65,4.65,"0,61K","-0,96%",4.65,4.65,4.65,4.65
16/03/2022,4.695,4.695,4.695,4.695,"3,66K","0,97%",4.695,4.695,4.695,4.695
17/03/2022,4.7,4.7,4.7,4.7,"0,64K","0,11%",4.7,4.7,4.7,4.7
18/03/2022,5.03,5.03,5.03,5.03,"5,39K","7,02%",5.03,5.03,5.03,5.03
21/03/2022,5.04,5.04,5.04,5.04,"0,75K","0,20%",5.04,5.04,5.04,5.04
22/03/2022,5.05,5.05,5.05,5.05,"5,52K","0,20%",5.05,5.05,5.05,5.05
23/03/2022,5.05,5.05,5.05,5.05,"12,14K","0,00%",5.05,5.05,5.05,5.05
24/03/2022,5.045,5.045,5.045,5.045,"5,41K","-0,10%",5.045,5.045,5.045,5.045
25/03/2022,5.04,5.04,5.04,5.04,"5,94K","-0,10%",5.04,5.04,5.04,5.04
28/03/2022,5.1,5.1,5.1,5.1,"1,78K","1,19%",5.1,5.1,5.1,5.1
29/03/2022,5.05,5.05,5.05,5.05,"7,62K","-0,98%",5.05,5.05,5.05,5.05
30/03/2022,5.05,5.05,5.05,5.05,"9,99K","0,00%",5.05,5.05,5.05,5.05
31/03/2022,5.05,5.05,5.05,5.05,"9,35K","0,00%",5.05,5.05,5.05,5.05
01/04/2022,5.14,5.14,5.14,5.14,"4,04K","1,78%",5.14,5.14,5.14,5.14
04/04/2022,5.135,5.135,5.135,5.135,"5,91K","-0,10%",5.135,5.135,5.135,5.135
05/04/2022,5.0,5.0,5.0,5.0,"1,40K","-2,63%",5.0,5.0,5.0,5.0
06/04/2022,5.135,5.135,5.135,5.135,"1,39K","2,70%",5.135,5.135,5.135,5.135
07/04/2022,5.05,5.05,5.05,5.05,"0,65K","-1,66%",5.05,5.05,5.05,5.05
08/04/2022,5.045,5.045,5.045,5.045,"0,80K","-0,10%",5.045,5.045,5.045,5.045
11/04/2022,5.045,5.045,5.045,5.045,"0,16K","0,00%",5.045,5.045,5.045,5.045
12/04/2022,5.05,5.05,5.05,5.05,"0,83K","0,10%",5.05,5.05,5.05,5.05
13/04/2022,5.045,5.045,5.045,5.045,"1,20K","-0,10%",5.045,5.045,5.045,5.045
14/04/2022,5.1,5.1,5.1,5.1,"3,37K","1,09%",5.1,5.1,5.1,5.1
15/04/2022,5.045,5.045,5.045,5.045,"2,22K","-1,08%",5.045,5.045,5.045,5.045
19/04/2022,5.04,5.04,5.04,5.04,"3,35K","-0,10%",5.04,5.04,5.04,5.04
20/04/2022,4.92,4.92,4.92,4.92,"2,95K","-2,38%",4.92,4.92,4.92,4.92
21/04/2022,4.95,4.95,4.95,4.95,"4,25K","0,61%",4.95,4.95,4.95,4.95
22/04/2022,5.0,5.0,5.0,5.0,"10,17K","1,01%",5.0,5.0,5.0,5.0
25/04/2022,5.0,5.0,5.0,5.0,"3,93K","0,00%",5.0,5.0,5.0,5.0
26/04/2022,4.72,4.72,4.72,4.72,"2,04K","-5,60%",4.72,4.72,4.72,4.72
27/04/2022,4.695,4.695,4.695,4.695,"4,40K","-0,53%",4.695,4.695,4.695,4.695
29/04/2022,4.695,4.695,4.695,4.695,"0,68K","0,00%",4.695,4.695,4.695,4.695
03/05/2022,4.6,4.6,4.6,4.6,"0,25K","-2,02%",4.6,4.6,4.6,4.6
04/05/2022,4.505,4.505,4.505,4.505,"0,95K","-2,07%",4.505,4.505,4.505,4.505
05/05/2022,4.51,4.51,4.51,4.51,"1,68K","0,11%",4.51,4.51,4.51,4.51
06/05/2022,4.565,4.565,4.565,4.565,"0,21K","1,22%",4.565,4.565,4.565,4.565
09/05/2022,4.51,4.51,4.51,4.51,"1,50K","-1,20%",4.51,4.51,4.51,4.51
10/05/2022,4.5,4.5,4.5,4.5,"7,63K","-0,22%",4.5,4.5,4.5,4.5
11/05/2022,4.49,4.49,4.49,4.49,"2,90K","-0,22%",4.49,4.49,4.49,4.49
12/05/2022,4.4,4.4,4.4,4.4,"5,67K","-2,00%",4.4,4.4,4.4,4.4
13/05/2022,4.3,4.3,4.3,4.3,"0,51K","-2,27%",4.3,4.3,4.3,4.3
16/05/2022,3.98,3.98,3.98,3.98,"104,54K","-7,44%",3.98,3.98,3.98,3.98
17/05/2022,4.275,4.275,4.275,4.275,"0,83K","7,41%",4.275,4.275,4.275,4.275
18/05/2022,4.3,4.3,4.3,4.3,"0,40K","0,58%",4.3,4.3,4.3,4.3
19/05/2022,4.3,4.3,4.3,4.3,"2,75K","0,00%",4.3,4.3,4.3,4.3
20/05/2022,4.3,4.3,4.3,4.3,"0,63K","0,00%",4.3,4.3,4.3,4.3
23/05/2022,4.3,4.3,4.3,4.3,"71,65K","0,00%",4.3,4.3,4.3,4.3
24/05/2022,4.405,4.405,4.405,4.405,"23,16K","2,44%",4.405,4.405,4.405,4.405
25/05/2022,4.49,4.49,4.49,4.49,"10,03K","1,93%",4.49,4.49,4.49,4.49
27/05/2022,4.485,4.485,4.485,4.485,"0,30K","-0,11%",4.485,4.485,4.485,4.485
30/05/2022,4.5,4.5,4.5,4.5,"5,50K","0,33%",4.5,4.5,4.5,4.5
31/05/2022,4.495,4.495,4.495,4.495,"0,58K","-0,11%",4.495,4.495,4.495,4.495
01/06/2022,4.38,4.38,4.38,4.38,"430,19K","-2,56%",4.38,4.38,4.38,4.38
02/06/2022,4.485,4.485,4.485,4.485,"1,72K","2,40%",4.485,4.485,4.485,4.485
03/06/2022,4.485,4.485,4.485,4.485,"0,83K","0,00%",4.485,4.485,4.485,4.485
07/06/2022,4.48,4.48,4.48,4.48,"0,06K","-0,11%",4.48,4.48,4.48,4.48
08/06/2022,4.475,4.475,4.475,4.475,"0,09K","-0,11%",4.475,4.475,4.475,4.475
09/06/2022,4.48,4.48,4.48,4.48,"0,05K","0,11%",4.48,4.48,4.48,4.48
10/06/2022,4.45,4.45,4.45,4.45,"0,65K","-0,67%",4.45,4.45,4.45,4.45
13/06/2022,4.48,4.48,4.48,4.48,"0,60K","0,67%",4.48,4.48,4.48,4.48
14/06/2022,4.48,4.48,4.48,4.48,"1,22K","0,00%",4.48,4.48,4.48,4.48
15/06/2022,4.5,4.5,4.5,4.5,"3,69K","0,45%",4.5,4.5,4.5,4.5
16/06/2022,4.48,4.48,4.48,4.48,"0,27K","-0,44%",4.48,4.48,4.48,4.48
17/06/2022,4.5,4.5,4.5,4.5,"6,03K","0,45%",4.5,4.5,4.5,4.5
20/06/2022,4.5,4.5,4.5,4.5,"3,13K","0,00%",4.5,4.5,4.5,4.5
21/06/2022,4.4,4.4,4.4,4.4,"1,03K","-2,22%",4.4,4.4,4.4,4.4
22/06/2022,4.45,4.45,4.45,4.45,"20,75K","1,14%",4.45,4.45,4.45,4.45
23/06/2022,4.5,4.5,4.5,4.5,"2,32K","1,12%",4.5,4.5,4.5,4.5
24/06/2022,4.5,4.5,4.5,4.5,"32,82K","0,00%",4.5,4.5,4.5,4.5
27/06/2022,4.5,4.5,4.5,4.5,"11,53K","0,00%",4.5,4.5,4.5,4.5
28/06/2022,4.5,4.5,4.5,4.5,"2,64K","0,00%",4.5,4.5,4.5,4.5
29/06/2022,4.5,4.5,4.5,4.5,"99,08K","0,00%",4.5,4.5,4.5,4.5
30/06/2022,4.55,4.55,4.55,4.55,"10,06K","1,11%",4.55,4.55,4.55,4.55
01/07/2022,4.29,4.29,4.29,4.29,"4,65K","-5,71%",4.29,4.29,4.29,4.29
04/07/2022,4.3,4.3,4.3,4.3,"1,57K","0,23%",4.3,4.3,4.3,4.3
05/07/2022,4.25,4.25,4.25,4.25,"36,33K","-1,16%",4.25,4.25,4.25,4.25
06/07/2022,4.25,4.25,4.25,4.25,"8,37K","0,00%",4.25,4.25,4.25,4.25
07/07/2022,4.3,4.3,4.3,4.3,"2,92K","1,18%",4.3,4.3,4.3,4.3
08/07/2022,4.3,4.3,4.3,4.3,"0,33K","0,00%",4.3,4.3,4.3,4.3
11/07/2022,4.38,4.38,4.38,4.38,"1,06M","1,86%",4.38,4.38,4.38,4.38
12/07/2022,4.28,4.28,4.28,4.28,"0,82K","-2,28%",4.28,4.28,4.28,4.28
13/07/2022,4.445,4.445,4.445,4.445,"14,18K","3,86%",4.445,4.445,4.445,4.445
14/07/2022,4.435,4.435,4.435,4.435,"11,25K","-0,22%",4.435,4.435,4.435,4.435
15/07/2022,4.3,4.3,4.3,4.3,"0,18K","-3,04%",4.3,4.3,4.3,4.3
18/07/2022,4.3,4.3,4.3,4.3,"5,38K","0,00%",4.3,4.3,4.3,4.3
19/07/2022,4.445,4.445,4.445,4.445,"2,69K","3,37%",4.445,4.445,4.445,4.445
20/07/2022,4.445,4.445,4.445,4.445,"19,63K","0,00%",4.445,4.445,4.445,4.445
21/07/2022,4.45,4.45,4.45,4.45,"3,48K","0,11%",4.45,4.45,4.45,4.45
22/07/2022,4.4,4.4,4.4,4.4,"9,11K","-1,12%",4.4,4.4,4.4,4.4
25/07/2022,4.4,4.4,4.4,4.4,"2,64K","0,00%",4.4,4.4,4.4,4.4
26/07/2022,4.35,4.35,4.35,4.35,"14,11K","-1,14%",4.35,4.35,4.35,4.35
27/07/2022,4.435,4.435,4.435,4.435,"0,24K","1,95%",4.435,4.435,4.435,4.435
28/07/2022,4.35,4.35,4.35,4.35,"0,46K","-1,92%",4.35,4.35,4.35,4.35
29/07/2022,4.495,4.495,4.495,4.495,"9,53K","3,33%",4.495,4.495,4.495,4.495
01/08/2022,4.6,4.6,4.6,4.6,"7,52K","2,34%",4.6,4.6,4.6,4.6
02/08/2022,4.6,4.6,4.6,4.6,"0,44K","0,00%",4.6,4.6,4.6,4.6
03/08/2022,4.6,4.6,4.6,4.6,"1,97K","0,00%",4.6,4.6,4.6,4.6
04/08/2022,4.475,4.475,4.475,4.475,"8,07K","-2,72%",4.475,4.475,4.475,4.475
05/08/2022,4.5,4.5,4.5,4.5,"0,83K","0,56%",4.5,4.5,4.5,4.5
09/08/2022,4.6,4.6,4.6,4.6,"2,65K","2,22%",4.6,4.6,4.6,4.6
10/08/2022,4.595,4.595,4.595,4.595,"5,50K","-0,11%",4.595,4.595,4.595,4.595
11/08/2022,4.6,4.6,4.6,4.6,"1,70K","0,11%",4.6,4.6,4.6,4.6
12/08/2022,4.6,4.6,4.6,4.6,"5,93K","0,00%",4.6,4.6,4.6,4.6
16/08/2022,4.595,4.595,4.595,4.595,"2,57K","-0,11%",4.595,4.595,4.595,4.595
17/08/2022,4.595,4.595,4.595,4.595,"2,81K","0,00%",4.595,4.595,4.595,4.595
18/08/2022,4.495,4.495,4.495,4.495,"1,19K","-2,18%",4.495,4.495,4.495,4.495
19/08/2022,4.59,0.0,0.0,0.0,"1,02K","2,11%",4.59,0.0,0.0,0.0
22/08/2022,4.59,4.59,4.59,4.59,"0,74K","0,00%",4.59,4.59,4.59,4.59
23/08/2022,4.595,4.595,4.595,4.595,"3,04K","0,11%",4.595,4.595,4.595,4.595
24/08/2022,4.58,4.58,4.58,4.58,"0,39K","-0,33%",4.58,4.58,4.58,4.58
25/08/2022,4.57,4.57,4.57,4.57,"0,36K","-0,22%",4.57,4.57,4.57,4.57
26/08/2022,4.575,4.575,4.575,4.575,"2,17K","0,11%",4.575,4.575,4.575,4.575
29/08/2022,4.59,4.59,4.59,4.59,"5,69K","0,33%",4.59,4.59,4.59,4.59
30/08/2022,4.58,4.58,4.58,4.58,"3,39K","-0,22%",4.58,4.58,4.58,4.58
31/08/2022,4.59,4.59,4.59,4.59,"0,36K","0,22%",4.59,4.59,4.59,4.59
01/09/2022,4.52,4.52,4.52,4.52,"0,43K","-1,53%",4.52,4.52,4.52,4.52
02/09/2022,4.565,4.565,4.565,4.565,"1,05K","1,00%",4.565,4.565,4.565,4.565
05/09/2022,4.59,4.59,4.59,4.59,"1,07K","0,55%",4.59,4.59,4.59,4.59
06/09/2022,4.54,4.54,4.54,4.54,"0,94K","-1,09%",4.54,4.54,4.54,4.54
07/09/2022,4.565,4.565,4.565,4.565,"1,44K","0,55%",4.565,4.565,4.565,4.565
09/09/2022,4.59,4.59,4.59,4.59,"2,21K","0,55%",4.59,4.59,4.59,4.59
12/09/2022,4.59,4.59,4.59,4.59,"0,79K","0,00%",4.59,4.59,4.59,4.59
13/09/2022,4.59,4.59,4.59,4.59,"1,78K","0,00%",4.59,4.59,4.59,4.59
14/09/2022,4.59,4.59,4.59,4.59,"0,08K","0,00%",4.59,4.59,4.59,4.59
15/09/2022,4.58,4.58,4.58,4.58,"0,20K","-0,22%",4.58,4.58,4.58,4.58
16/09/2022,4.73,4.73,4.73,4.73,"2,28K","3,28%",4.73,4.73,4.73,4.73
19/09/2022,4.73,4.73,4.73,4.73,"1,19K","0,00%",4.73,4.73,4.73,4.73
20/09/2022,5.0,5.0,5.0,5.0,"3,31K","5,71%",5.0,5.0,5.0,5.0
21/09/2022,4.9,4.9,4.9,4.9,"0,29K","-2,00%",4.9,4.9,4.9,4.9
22/09/2022,4.9,4.9,4.9,4.9,"0,29K","0,00%",4.9,4.9,4.9,4.9
23/09/2022,4.895,4.895,4.895,4.895,"0,82K","-0,10%",4.895,4.895,4.895,4.895
26/09/2022,4.85,4.85,4.85,4.85,"0,78K","-0,92%",4.85,4.85,4.85,4.85
27/09/2022,4.63,4.63,4.63,4.63,"0,41K","-4,54%",4.63,4.63,4.63,4.63
28/09/2022,4.63,4.63,4.63,4.63,"1,59K","0,00%",4.63,4.63,4.63,4.63
29/09/2022,4.7,4.7,4.7,4.7,"0,73K","1,51%",4.7,4.7,4.7,4.7
30/09/2022,4.7,4.7,4.7,4.7,"15,42K","0,00%",4.7,4.7,4.7,4.7
03/10/2022,4.7,4.7,4.7,4.7,"2,27K","0,00%",4.7,4.7,4.7,4.7
04/10/2022,4.845,4.845,4.845,4.845,"0,14K","3,09%",4.845,4.845,4.845,4.845
05/10/2022,4.75,4.75,4.75,4.75,"0,10K","-1,96%",4.75,4.75,4.75,4.75
06/10/2022,4.845,4.845,4.845,4.845,"0,75K","2,00%",4.845,4.845,4.845,4.845
07/10/2022,4.74,4.74,4.74,4.74,"1,29K","-2,17%",4.74,4.74,4.74,4.74
10/10/2022,4.72,4.72,4.72,4.72,"0,41K","-0,42%",4.72,4.72,4.72,4.72
11/10/2022,4.72,4.72,4.72,4.72,"5,08K","0,00%",4.72,4.72,4.72,4.72
12/10/2022,4.7,4.7,4.7,4.7,"1,60K","-0,42%",4.7,4.7,4.7,4.7
13/10/2022,4.75,4.75,4.75,4.75,"1,95K","1,06%",4.75,4.75,4.75,4.75
14/10/2022,4.7,4.7,4.7,4.7,"2,69K","-1,05%",4.7,4.7,4.7,4.7
17/10/2022,4.8,4.8,4.8,4.8,"0,21K","2,13%",4.8,4.8,4.8,4.8
18/10/2022,4.8,4.8,4.8,4.8,"0,27K","0,00%",4.8,4.8,4.8,4.8
19/10/2022,4.8,4.8,4.8,4.8,"0,64K","0,00%",4.8,4.8,4.8,4.8
20/10/2022,4.8,4.8,4.8,4.8,"4,32K","0,00%",4.8,4.8,4.8,4.8
21/10/2022,4.8,4.8,4.8,4.8,"10,36K","0,00%",4.8,4.8,4.8,4.8
24/10/2022,4.8,4.8,4.8,4.8,"1,40K","0,00%",4.8,4.8,4.8,4.8
25/10/2022,4.8,4.8,4.8,4.8,"0,93K","0,00%",4.8,4.8,4.8,4.8
26/10/2022,4.85,4.85,4.85,4.85,"13,51K","1,04%",4.85,4.85,4.85,4.85
27/10/2022,5.0,5.0,5.0,5.0,"11,18K","3,09%",5.0,5.0,5.0,5.0
28/10/2022,5.0,5.0,5.0,5.0,"6,21K","0,00%",5.0,5.0,5.0,5.0
31/10/2022,5.0,5.0,5.0,5.0,"0,11K","0,00%",5.0,5.0,5.0,5.0
02/11/2022,4.845,4.845,4.845,4.845,"3,68K","-3,10%",4.845,4.845,4.845,4.845
03/11/2022,4.8,4.8,4.8,4.8,"0,45K","-0,93%",4.8,4.8,4.8,4.8
04/11/2022,4.95,4.95,4.95,4.95,"1,60K","3,13%",4.95,4.95,4.95,4.95
07/11/2022,5.0,5.0,5.0,5.0,"3,85K","1,01%",5.0,5.0,5.0,5.0
08/11/2022,4.9,4.9,4.9,4.9,"0,33K","-2,00%",4.9,4.9,4.9,4.9
09/11/2022,4.75,4.75,4.75,4.75,"5,07K","-3,06%",4.75,4.75,4.75,4.75
10/11/2022,4.75,4.75,4.75,4.75,"0,55K","0,00%",4.75,4.75,4.75,4.75
11/11/2022,4.9,4.9,4.9,4.9,"0,25K","3,16%",4.9,4.9,4.9,4.9
14/11/2022,4.8,4.8,4.8,4.8,"0,15K","-2,04%",4.8,4.8,4.8,4.8
16/11/2022,4.8,4.8,4.8,4.8,"0,70K","0,00%",4.8,4.8,4.8,4.8
17/11/2022,4.9,4.9,4.9,4.9,"0,97K","2,08%",4.9,4.9,4.9,4.9
18/11/2022,4.9,4.9,4.9,4.9,"0,29K","0,00%",4.9,4.9,4.9,4.9
21/11/2022,4.9,4.9,4.9,4.9,"1,46K","0,00%",4.9,4.9,4.9,4.9
22/11/2022,4.89,4.89,4.89,4.89,"0,58K","-0,20%",4.89,4.89,4.89,4.89
23/11/2022,4.895,4.895,4.895,4.895,"1,07K","0,10%",4.895,4.895,4.895,4.895
24/11/2022,4.895,4.895,4.895,4.895,"0,27K","0,00%",4.895,4.895,4.895,4.895
25/11/2022,4.8,4.8,4.8,4.8,"2,20K","-1,94%",4.8,4.8,4.8,4.8
28/11/2022,4.79,4.79,4.79,4.79,"0,18K","-0,21%",4.79,4.79,4.79,4.79
29/11/2022,4.7,4.7,4.7,4.7,"0,15K","-1,88%",4.7,4.7,4.7,4.7
30/11/2022,4.78,4.78,4.78,4.78,"0,15K","1,70%",4.78,4.78,4.78,4.78
01/12/2022,4.78,4.78,4.78,4.78,"6,57K","0,00%",4.78,4.78,4.78,4.78
02/12/2022,4.7,4.7,4.7,4.7,"0,48K","-1,67%",4.7,4.7,4.7,4.7
05/12/2022,4.695,4.695,4.695,4.695,"0,27K","-0,11%",4.695,4.695,4.695,4.695
06/12/2022,4.8,4.8,4.8,4.8,"2,64K","2,24%",4.8,4.8,4.8,4.8
07/12/2022,4.8,4.8,4.8,4.8,"4,46K","0,00%",4.8,4.8,4.8,4.8
08/12/2022,4.8,4.8,4.8,4.8,"0,30K","0,00%",4.8,4.8,4.8,4.8
09/12/2022,4.695,4.695,4.695,4.695,"2,12K","-2,19%",4.695,4.695,4.695,4.695
12/12/2022,4.895,4.895,4.895,4.895,"0,33K","4,26%",4.895,4.895,4.895,4.895
13/12/2022,4.9,4.9,4.9,4.9,"1,25K","0,10%",4.9,4.9,4.9,4.9
14/12/2022,4.895,4.895,4.895,4.895,"4,14K","-0,10%",4.895,4.895,4.895,4.895
15/12/2022,4.87,4.87,4.87,4.87,"0,74K","-0,51%",4.87,4.87,4.87,4.87
16/12/2022,4.8,4.8,4.8,4.8,"0,44K","-1,44%",4.8,4.8,4.8,4.8
19/12/2022,4.8,4.8,4.8,4.8,"422,08K","0,00%",4.8,4.8,4.8,4.8
20/12/2022,4.8,4.8,4.8,4.8,"2,55K","0,00%",4.8,4.8,4.8,4.8
21/12/2022,4.79,4.79,4.79,4.79,"0,09K","-0,21%",4.79,4.79,4.79,4.79
22/12/2022,4.79,4.79,4.79,4.79,"1,25K","0,00%",4.79,4.79,4.79,4.79
23/12/2022,5.125,5.125,5.125,5.125,"8,75K","6,99%",5.125,5.125,5.125,5.125
27/12/2022,5.0,5.0,5.0,5.0,"0,27K","-2,44%",5.0,5.0,5.0,5.0
28/12/2022,4.9,4.9,4.9,4.9,"10,55K","-2,00%",4.9,4.9,4.9,4.9
29/12/2022,4.865,4.865,4.865,4.865,"0,50K","-0,71%",4.865,4.865,4.865,4.865
30/12/2022,4.945,4.945,4.945,4.945,"3,48K","1,64%",4.945,4.945,4.945,4.945
02/01/2023,4.865,4.865,4.865,4.865,"0,05K","-1,62%",4.865,4.865,4.865,4.865
03/01/2023,4.9,4.9,4.9,4.9,"5,42K","0,72%",4.9,4.9,4.9,4.9
04/01/2023,4.86,4.86,4.86,4.86,"0,18K","-0,82%",4.86,4.86,4.86,4.86
05/01/2023,4.855,4.855,4.855,4.855,"0,23K","-0,10%",4.855,4.855,4.855,4.855
06/01/2023,4.8,4.8,4.8,4.8,"0,18K","-1,13%",4.8,4.8,4.8,4.8
09/01/2023,4.655,4.655,4.655,4.655,"0,34K","-3,02%",4.655,4.655,4.655,4.655
10/01/2023,4.7,4.7,4.7,4.7,"6,72K","0,97%",4.7,4.7,4.7,4.7
11/01/2023,4.7,4.7,4.7,4.7,"1,41K","0,00%",4.7,4.7,4.7,4.7
12/01/2023,4.71,4.71,4.71,4.71,"0,28K","0,21%",4.71,4.71,4.71,4.71
13/01/2023,4.72,4.72,4.72,4.72,"0,32K","0,21%",4.72,4.72,4.72,4.72
16/01/2023,4.78,4.78,4.78,4.78,"2,37K","1,27%",4.78,4.78,4.78,4.78
17/01/2023,4.8,4.8,4.8,4.8,"2,27K","0,42%",4.8,4.8,4.8,4.8
18/01/2023,4.855,4.855,4.855,4.855,"0,20K","1,15%",4.855,4.855,4.855,4.855
19/01/2023,4.855,4.855,4.855,4.855,"0,10K","0,00%",4.855,4.855,4.855,4.855
20/01/2023,4.875,4.875,4.875,4.875,"2,03K","0,41%",4.875,4.875,4.875,4.875
23/01/2023,4.87,4.87,4.87,4.87,"4,79K","-0,10%",4.87,4.87,4.87,4.87
24/01/2023,4.9,4.9,4.9,4.9,"0,68K","0,62%",4.9,4.9,4.9,4.9
25/01/2023,4.9,4.9,4.9,4.9,"1,25K","0,00%",4.9,4.9,4.9,4.9
26/01/2023,5.0,5.0,5.0,5.0,"2,79K","2,04%",5.0,5.0,5.0,5.0
27/01/2023,5.0,5.0,5.0,5.0,"0,93K","0,00%",5.0,5.0,5.0,5.0
30/01/2023,5.15,5.15,5.15,5.15,"0,90K","3,00%",5.15,5.15,5.15,5.15
31/01/2023,5.0,5.0,5.0,5.0,"1,33K","-2,91%",5.0,5.0,5.0,5.0
01/02/2023,4.995,4.995,4.995,4.995,"0,21K","-0,10%",4.995,4.995,4.995,4.995
02/02/2023,4.995,4.995,4.995,4.995,"0,54K","0,00%",4.995,4.995,4.995,4.995
03/02/2023,4.995,4.995,4.995,4.995,"2,37K","0,00%",4.995,4.995,4.995,4.995
06/02/2023,4.995,4.995,4.995,4.995,"0,53K","0,00%",4.995,4.995,4.995,4.995
07/02/2023,4.94,4.94,4.94,4.94,"1,97K","-1,10%",4.94,4.94,4.94,4.94
08/02/2023,4.855,4.855,4.855,4.855,"0,05K","-1,72%",4.855,4.855,4.855,4.855
09/02/2023,4.945,4.945,4.945,4.945,"20,76K","1,85%",4.945,4.945,4.945,4.945
10/02/2023,4.945,4.945,4.945,4.945,"0,82K","0,00%",4.945,4.945,4.945,4.945
13/02/2023,4.995,4.995,4.995,4.995,"1,33K","1,01%",4.995,4.995,4.995,4.995
14/02/2023,4.995,4.995,4.995,4.995,"0,95K","0,00%",4.995,4.995,4.995,4.995
15/02/2023,4.95,4.95,4.95,4.95,"0,71K","-0,90%",4.95,4.95,4.95,4.95
16/02/2023,5.0,5.0,5.0,5.0,"121,47K","1,01%",5.0,5.0,5.0,5.0
17/02/2023,5.15,5.15,5.15,5.15,"6,24K","3,00%",5.15,5.15,5.15,5.15
20/02/2023,5.145,5.145,5.145,5.145,"0,04K","-0,10%",5.145,5.145,5.145,5.145
21/02/2023,5.14,5.14,5.14,5.14,"4,40K","-0,10%",5.14,5.14,5.14,5.14
22/02/2023,5.135,5.135,5.135,5.135,"0,53K","-0,10%",5.135,5.135,5.135,5.135
23/02/2023,5.13,5.13,5.13,5.13,"0,04K","-0,10%",5.13,5.13,5.13,5.13
24/02/2023,5.13,5.13,5.13,5.13,"4,20K","0,00%",5.13,5.13,5.13,5.13
27/02/2023,5.1,5.1,5.1,5.1,"3,96K","-0,58%",5.1,5.1,5.1,5.1
28/02/2023,5.1,5.1,5.1,5.1,"0,12K","0,00%",5.1,5.1,5.1,5.1
01/03/2023,5.095,5.095,5.095,5.095,"0,08K","-0,10%",5.095,5.095,5.095,5.095
02/03/2023,5.095,5.095,5.095,5.095,"9,26K","0,00%",5.095,5.095,5.095,5.095
03/03/2023,5.095,5.095,5.095,5.095,"0,61K","0,00%",5.095,5.095,5.095,5.095
06/03/2023,5.085,5.085,5.085,5.085,"3,11K","-0,20%",5.085,5.085,5.085,5.085
07/03/2023,5.1,5.1,5.1,5.1,"5,18K","0,29%",5.1,5.1,5.1,5.1
08/03/2023,5.1,5.1,5.1,5.1,"0,59K","0,00%",5.1,5.1,5.1,5.1
09/03/2023,5.1,5.1,5.1,5.1,"0,80K","0,00%",5.1,5.1,5.1,5.1
10/03/2023,5.1,5.1,5.1,5.1,"1,20K","0,00%",5.1,5.1,5.1,5.1
13/03/2023,5.1,5.1,5.1,5.1,"0,84K","0,00%",5.1,5.1,5.1,5.1
14/03/2023,5.13,5.13,5.13,5.13,"6,78K","0,59%",5.13,5.13,5.13,5.13
15/03/2023,5.125,5.125,5.125,5.125,"0,21K","-0,10%",5.125,5.125,5.125,5.125
16/03/2023,5.125,5.125,5.125,5.125,"3,06K","0,00%",5.125,5.125,5.125,5.125
17/03/2023,5.125,5.125,5.125,5.125,"0,85K","0,00%",5.125,5.125,5.125,5.125
20/03/2023,5.08,5.08,5.08,5.08,"56,14K","-0,88%",5.08,5.08,5.08,5.08
21/03/2023,5.05,5.05,5.05,5.05,"3,09K","-0,59%",5.05,5.05,5.05,5.05
22/03/2023,4.98,4.98,4.98,4.98,"2,15K","-1,39%",4.98,4.98,4.98,4.98
23/03/2023,5.025,5.025,5.025,5.025,"2,88K","0,90%",5.025,5.025,5.025,5.025
24/03/2023,5.015,5.015,5.015,5.015,"2,23K","-0,20%",5.015,5.015,5.015,5.015
27/03/2023,5.0,5.0,5.0,5.0,"0,30K","-0,30%",5.0,5.0,5.0,5.0
28/03/2023,4.96,4.96,4.96,4.96,"12,99K","-0,80%",4.96,4.96,4.96,4.96
29/03/2023,4.9,4.9,4.9,4.9,"2,55K","-1,21%",4.9,4.9,4.9,4.9
30/03/2023,4.85,4.85,4.85,4.85,"0,37K","-1,02%",4.85,4.85,4.85,4.85
31/03/2023,4.95,4.95,4.95,4.95,"22,24K","2,06%",4.95,4.95,4.95,4.95
03/04/2023,4.85,4.85,4.85,4.85,"0,75K","-2,02%",4.85,4.85,4.85,4.85
04/04/2023,4.85,4.85,4.85,4.85,"0,36K","0,00%",4.85,4.85,4.85,4.85
05/04/2023,4.85,4.85,4.85,4.85,"0,40K","0,00%",4.85,4.85,4.85,4.85
06/04/2023,5.21,5.21,5.21,5.21,"219,06K","7,42%",5.21,5.21,5.21,5.21
07/04/2023,5.48,5.48,5.48,5.48,"57,30K","5,18%",5.48,5.48,5.48,5.48
11/04/2023,5.295,5.295,5.295,5.295,"13,15K","-3,38%",5.295,5.295,5.295,5.295
12/04/2023,5.21,5.21,5.21,5.21,"6,57K","-1,61%",5.21,5.21,5.21,5.21
13/04/2023,5.2,5.2,5.2,5.2,"5,31K","-0,19%",5.2,5.2,5.2,5.2
14/04/2023,5.195,5.195,5.195,5.195,"6,46K","-0,10%",5.195,5.195,5.195,5.195
17/04/2023,5.19,5.19,5.19,5.19,"4,42K","-0,10%",5.19,5.19,5.19,5.19
19/04/2023,5.19,5.19,5.19,5.19,"0,39K","0,00%",5.19,5.19,5.19,5.19
20/04/2023,5.19,5.19,5.19,5.19,"6,78K","0,00%",5.19,5.19,5.19,5.19
24/04/2023,5.2,5.2,5.2,5.2,"0,51K","0,19%",5.2,5.2,5.2,5.2
25/04/2023,5.38,5.38,5.38,5.38,"0,73K","3,46%",5.38,5.38,5.38,5.38
26/04/2023,5.38,5.38,5.38,5.38,"0,31K","0,00%",5.38,5.38,5.38,5.38
27/04/2023,5.345,5.345,5.345,5.345,"1,82K","-0,65%",5.345,5.345,5.345,5.345
28/04/2023,5.495,5.495,5.495,5.495,"9,96K","2,81%",5.495,5.495,5.495,5.495
02/05/2023,5.495,5.495,5.495,5.495,"1,41K","0,00%",5.495,5.495,5.495,5.495
03/05/2023,5.5,5.5,5.5,5.5,"1,16K","0,09%",5.5,5.5,5.5,5.5
04/05/2023,5.545,5.545,5.545,5.545,"1,35K","0,82%",5.545,5.545,5.545,5.545
05/05/2023,5.5,5.5,5.5,5.5,"7,61K","-0,81%",5.5,5.5,5.5,5.5
08/05/2023,5.45,5.45,5.45,5.45,"1,42K","-0,91%",5.45,5.45,5.45,5.45
09/05/2023,5.46,5.46,5.46,5.46,"4,72K","0,18%",5.46,5.46,5.46,5.46
10/05/2023,5.485,5.485,5.485,5.485,"0,40K","0,46%",5.485,5.485,5.485,5.485
11/05/2023,5.49,5.49,5.49,5.49,"1,18K","0,09%",5.49,5.49,5.49,5.49
12/05/2023,5.5,5.5,5.5,5.5,"1,48K","0,18%",5.5,5.5,5.5,5.5
15/05/2023,5.54,5.54,5.54,5.54,"2,06K","0,73%",5.54,5.54,5.54,5.54
16/05/2023,5.6,5.6,5.6,5.6,"0,53K","1,08%",5.6,5.6,5.6,5.6
