"Date","Dernier","Ouv."," Plus Haut","Plus Bas","Vol.","Variation %"
"17/05/2023","4.900","4.900","4.900","4.900","0,63K","-3,92%"
"16/05/2023","5.100","5.100","5.100","5.100","0,63K","0,00%"
"15/05/2023","5.100","5.100","5.100","5.100","0,36K","-0,10%"
"12/05/2023","5.105","5.105","5.105","5.105","0,63K","2,00%"
"11/05/2023","5.005","5.005","5.005","5.005","0,28K","0,00%"
"10/05/2023","5.005","5.005","5.005","5.005","1,33K","-5,66%"
"09/05/2023","5.305","5.305","5.305","5.305","0,28K","0,00%"
"08/05/2023","5.305","5.305","5.305","5.305","0,96K","0,19%"
"05/05/2023","5.295","5.295","5.295","5.295","0,03K","5,90%"
"04/05/2023","5.000","5.000","5.000","5.000","0,22K","0,00%"
"03/05/2023","5.000","5.000","5.000","5.000","0,18K","-0,10%"
"02/05/2023","5.005","5.005","5.005","5.005","0,30K","0,10%"
"28/04/2023","5.000","5.000","5.000","5.000","0,08K","0,00%"
"27/04/2023","5.000","5.000","5.000","5.000","0,12K","-0,99%"
"26/04/2023","5.050","5.050","5.050","5.050","0,70K","1,10%"
"25/04/2023","4.995","4.995","4.995","4.995","0,32K","6,16%"
"24/04/2023","4.705","4.705","4.705","4.705","0,41K","0,00%"
"20/04/2023","4.705","4.705","4.705","4.705","0,22K","-1,98%"
"19/04/2023","4.800","4.800","4.800","4.800","0,15K","-3,90%"
"17/04/2023","4.995","4.995","4.995","4.995","0,12K","-0,10%"
"14/04/2023","5.000","5.000","5.000","5.000","0,46K","5,26%"
"13/04/2023","4.750","4.750","4.750","4.750","0,33K","-4,90%"
"12/04/2023","4.995","4.995","4.995","4.995","0,67K","4,06%"
"11/04/2023","4.800","4.800","4.800","4.800","0,11K","-4,00%"
"07/04/2023","5.000","5.000","5.000","5.000","0,59K","0,00%"
"06/04/2023","5.000","5.000","5.000","5.000","0,42K","0,00%"
"05/04/2023","5.000","5.000","5.000","5.000","0,12K","0,00%"
"04/04/2023","5.000","5.000","5.000","5.000","4,36K","0,20%"
"03/04/2023","4.990","4.990","4.990","4.990","0,71K","1,84%"
"31/03/2023","4.900","4.900","4.900","4.900","0,02K","-1,90%"
"30/03/2023","4.995","4.995","4.995","4.995","5,14K","-0,10%"
"29/03/2023","5.000","5.000","5.000","5.000","0,84K","0,10%"
"28/03/2023","4.995","4.995","4.995","4.995","0,85K","0,00%"
"27/03/2023","4.995","4.995","4.995","4.995","0,16K","-0,10%"
"24/03/2023","5.000","5.000","5.000","5.000","0,53K","0,81%"
"23/03/2023","4.960","4.960","4.960","4.960","0,47K","-0,80%"
"22/03/2023","5.000","5.000","5.000","5.000","2,24K","0,00%"
"21/03/2023","5.000","5.000","5.000","5.000","2,24K","0,00%"
"20/03/2023","5.000","5.000","5.000","5.000","4,87K","0,81%"
"17/03/2023","4.960","4.960","4.960","4.960","0,32K","3,23%"
"16/03/2023","4.805","4.805","4.805","4.805","0,21K","-3,13%"
"15/03/2023","4.960","4.960","4.960","4.960","1,25K","0,20%"
"14/03/2023","4.950","4.950","4.950","4.950","0,03K","3,13%"
"13/03/2023","4.800","4.800","4.800","4.800","0,41K","-1,13%"
"10/03/2023","4.855","4.855","4.855","4.855","0,46K","-0,92%"
"09/03/2023","4.900","4.900","4.900","4.900","1,82K","0,00%"
"08/03/2023","4.900","4.900","4.900","4.900","0,22K","0,00%"
"07/03/2023","4.900","4.900","4.900","4.900","5,69K","1,03%"
"06/03/2023","4.850","4.850","4.850","4.850","0,43K","1,04%"
"03/03/2023","4.800","4.800","4.800","4.800","2,67K","1,05%"
"02/03/2023","4.750","4.750","4.750","4.750","10,23K","-4,62%"
"28/02/2023","4.980","4.980","4.980","4.980","0,04K","-0,20%"
"27/02/2023","4.990","4.990","4.990","4.990","0,10K","-0,20%"
"24/02/2023","5.000","5.000","5.000","5.000","0,26K","0,00%"
"23/02/2023","5.000","5.000","5.000","5.000","0,01K","0,00%"
"22/02/2023","5.000","5.000","5.000","5.000","4,76K","-1,86%"
"21/02/2023","5.095","5.095","5.095","5.095","2,85K","3,98%"
"20/02/2023","4.900","4.900","4.900","4.900","0,16K","-1,80%"
"17/02/2023","4.990","4.990","4.990","4.990","0,07K","-0,20%"
"16/02/2023","5.000","5.000","5.000","5.000","24,59K","4,17%"
"15/02/2023","4.800","4.800","4.800","4.800","0,95K","0,95%"
"14/02/2023","4.755","4.755","4.755","4.755","3,61K","-2,96%"
"13/02/2023","4.900","4.900","4.900","4.900","0,18K","0,00%"
"10/02/2023","4.900","4.900","4.900","4.900","0,47K","0,00%"
"09/02/2023","4.900","4.900","4.900","4.900","0,61K","2,08%"
"08/02/2023","4.800","4.800","4.800","4.800","0,35K","0,00%"
"07/02/2023","4.800","4.800","4.800","4.800","0,22K","-3,52%"
"06/02/2023","4.975","4.975","4.975","4.975","0,54K","0,00%"
"03/02/2023","4.975","4.975","4.975","4.975","0,04K","0,00%"
"02/02/2023","4.975","4.975","4.975","4.975","0,60K","0,00%"
"01/02/2023","4.975","4.975","4.975","4.975","0,22K","0,00%"
"31/01/2023","4.975","4.975","4.975","4.975","0,02K","-0,10%"
"27/01/2023","4.980","4.980","4.980","4.980","0,12K","0,00%"
"26/01/2023","4.980","4.980","4.980","4.980","0,18K","-0,30%"
"25/01/2023","4.995","4.995","4.995","4.995","0,22K","-0,10%"
"23/01/2023","5.000","5.000","5.000","5.000","0,06K","0,10%"
"20/01/2023","4.995","4.995","4.995","4.995","0,01K","6,28%"
"19/01/2023","4.700","4.700","4.700","4.700","0,37K","0,00%"
"18/01/2023","4.700","4.700","4.700","4.700","1,99K","-2,08%"
"17/01/2023","4.800","4.800","4.800","4.800","0,69K","0,00%"
"16/01/2023","4.800","4.800","4.800","4.800","0,15K","-7,43%"
"13/01/2023","5.185","5.185","5.185","5.185","0,06K","-0,29%"
"12/01/2023","5.200","5.200","5.200","5.200","0,12K","-1,89%"
"11/01/2023","5.300","5.300","5.300","5.300","0,00K","-1,85%"
"10/01/2023","5.400","5.400","5.400","5.400","0,09K","-1,64%"
"09/01/2023","5.490","5.490","5.490","5.490","0,11K","0,00%"
"06/01/2023","5.490","5.490","5.490","5.490","0,01K","-0,09%"
"05/01/2023","5.495","5.495","5.495","5.495","0,02K","-3,77%"
"04/01/2023","5.710","5.710","5.710","5.710","0,12K","-3,06%"
"03/01/2023","5.890","5.890","5.890","5.890","0,01K","-1,42%"
"30/12/2022","5.975","5.975","5.975","5.975","32,10K","-0,42%"
"29/12/2022","6.000","6.000","6.000","6.000","0,76K","-1,23%"
"28/12/2022","6.075","6.075","6.075","6.075","6,65K","-0,41%"
"27/12/2022","6.100","6.100","6.100","6.100","8,42K","0,00%"
"23/12/2022","6.100","6.100","6.100","6.100","0,31K","-1,29%"
"22/12/2022","6.180","6.180","6.180","6.180","2,70K","-0,32%"
"21/12/2022","6.200","6.200","6.200","6.200","3,92K","0,00%"
"20/12/2022","6.200","6.200","6.200","6.200","24,96K","5,17%"
"19/12/2022","5.895","5.895","5.895","5.895","6,80K","-0,08%"
"16/12/2022","5.900","5.900","5.900","5.900","10,54K","3,60%"
"15/12/2022","5.695","5.695","5.695","5.695","21,11K","7,45%"
"14/12/2022","5.300","5.300","5.300","5.300","5,45K","6,00%"
"13/12/2022","5.000","5.000","5.000","5.000","0,04K","0,00%"
"12/12/2022","5.000","5.000","5.000","5.000","1,27K","5,26%"
"09/12/2022","4.750","4.750","4.750","4.750","0,23K","5,56%"
"08/12/2022","4.500","4.500","4.500","4.500","0,07K","2,27%"
"07/12/2022","4.400","4.400","4.400","4.400","0,23K","-7,37%"
"06/12/2022","4.750","4.750","4.750","4.750","0,57K","4,17%"
"05/12/2022","4.560","4.560","4.560","4.560","0,19K","7,42%"
"02/12/2022","4.245","4.245","4.245","4.245","0,73K","0,95%"
"01/12/2022","4.205","4.205","4.205","4.205","3,99K","-4,43%"
"30/11/2022","4.400","4.400","4.400","4.400","2,42K","-2,76%"
"29/11/2022","4.525","4.525","4.525","4.525","0,78K","-0,55%"
"28/11/2022","4.550","4.550","4.550","4.550","0,66K","0,00%"
"25/11/2022","4.550","4.550","4.550","4.550","0,21K","2,25%"
"24/11/2022","4.450","4.450","4.450","4.450","0,65K","-1,11%"
"23/11/2022","4.500","4.500","4.500","4.500","1,75K","-2,17%"
"22/11/2022","4.600","4.600","4.600","4.600","2,63K","-3,16%"
"21/11/2022","4.750","4.750","4.750","4.750","0,85K","5,44%"
"18/11/2022","4.505","4.505","4.505","4.505","0,91K","-4,15%"
"17/11/2022","4.700","4.700","4.700","4.700","2,87K","-2,08%"
"16/11/2022","4.800","4.800","4.800","4.800","0,45K","-0,10%"
"14/11/2022","4.805","4.805","4.805","4.805","0,07K","-3,90%"
"11/11/2022","5.000","5.000","5.000","5.000","0,10K","0,00%"
"10/11/2022","5.000","5.000","5.000","5.000","0,22K","0,00%"
"09/11/2022","5.000","5.000","5.000","5.000","0,96K","2,15%"
"08/11/2022","4.895","4.895","4.895","4.895","0,69K","0,00%"
"07/11/2022","4.895","4.895","4.895","4.895","1,15K","6,41%"
"04/11/2022","4.600","4.600","4.600","4.600","0,15K","-6,12%"
"03/11/2022","4.900","4.900","4.900","4.900","0,46K","-1,01%"
"02/11/2022","4.950","4.950","4.950","4.950","0,34K","-1,00%"
"31/10/2022","5.000","5.000","5.000","5.000","0,02K","0,00%"
"28/10/2022","5.000","5.000","5.000","5.000","0,83K","0,00%"
"27/10/2022","5.000","5.000","5.000","5.000","0,82K","0,00%"
"26/10/2022","5.000","5.000","5.000","5.000","0,07K","0,00%"
"25/10/2022","5.000","5.000","5.000","5.000","1,18K","0,00%"
"24/10/2022","5.000","5.000","5.000","5.000","1,24K","0,00%"
"21/10/2022","5.000","5.000","5.000","5.000","5,21K","0,00%"
"20/10/2022","5.000","5.000","5.000","5.000","0,27K","0,00%"
"19/10/2022","5.000","5.000","5.000","5.000","0,30K","0,10%"
"18/10/2022","4.995","4.995","4.995","4.995","13,79K","1,52%"
"17/10/2022","4.920","4.920","4.920","4.920","0,49K","0,00%"
"14/10/2022","4.920","4.920","4.920","4.920","1,07K","0,20%"
"13/10/2022","4.910","4.910","4.910","4.910","2,94K","0,20%"
"12/10/2022","4.900","4.900","4.900","4.900","0,17K","-2,00%"
"11/10/2022","5.000","5.000","5.000","5.000","1,56K","0,00%"
"10/10/2022","5.000","5.000","5.000","5.000","1,99K","-3,66%"
"07/10/2022","5.190","5.190","5.190","5.190","0,63K","0,58%"
"06/10/2022","5.160","5.160","5.160","5.160","0,53K","-1,24%"
"05/10/2022","5.225","5.225","5.225","5.225","0,70K","0,10%"
"04/10/2022","5.220","5.220","5.220","5.220","1,81K","0,38%"
"03/10/2022","5.200","5.200","5.200","5.200","0,38K","-1,89%"
"30/09/2022","5.300","5.300","5.300","5.300","0,81K","-1,85%"
"29/09/2022","5.400","5.400","5.400","5.400","0,02K","0,00%"
"28/09/2022","5.400","5.400","5.400","5.400","0,88K","-0,92%"
"27/09/2022","5.450","5.450","5.450","5.450","0,58K","0,00%"
"26/09/2022","5.450","5.450","5.450","5.450","3,18K","0,00%"
"23/09/2022","5.450","5.450","5.450","5.450","0,78K","0,93%"
"22/09/2022","5.400","5.400","5.400","5.400","4,57K","0,93%"
"21/09/2022","5.350","5.350","5.350","5.350","4,35K","-0,83%"
"20/09/2022","5.395","5.395","5.395","5.395","1,54K","3,15%"
"19/09/2022","5.230","5.230","5.230","5.230","0,65K","0,00%"
"16/09/2022","5.230","5.230","5.230","5.230","2,36K","0,00%"
"15/09/2022","5.230","5.230","5.230","5.230","0,95K","-4,91%"
"14/09/2022","5.500","5.500","5.500","5.500","1,21K","1,85%"
"13/09/2022","5.400","5.400","5.400","5.400","1,31K","-3,57%"
"12/09/2022","5.600","5.600","5.600","5.600","0,73K","3,80%"
"09/09/2022","5.395","5.395","5.395","5.395","0,49K","-1,91%"
"07/09/2022","5.500","5.500","5.500","5.500","0,58K","-1,79%"
"06/09/2022","5.600","5.600","5.600","5.600","1,84K","0,00%"
"05/09/2022","5.600","5.600","5.600","5.600","0,17K","4,67%"
"02/09/2022","5.350","5.350","5.350","5.350","0,41K","0,00%"
"01/09/2022","5.350","5.350","5.350","5.350","0,24K","-4,38%"
"31/08/2022","5.595","5.595","5.595","5.595","2,23K","-0,97%"
"30/08/2022","5.650","5.650","5.650","5.650","1,71K","5,61%"
"29/08/2022","5.350","5.350","5.350","5.350","0,23K","3,28%"
"26/08/2022","5.180","5.180","5.180","5.180","9,30K","-7,50%"
"25/08/2022","5.600","5.600","5.600","5.600","1,84K","0,00%"
"24/08/2022","5.600","5.600","5.600","5.600","1,09K","-5,96%"
"23/08/2022","5.955","5.955","5.955","5.955","1,38K","5,40%"
"22/08/2022","5.650","5.650","5.650","5.650","0,11K","-0,35%"
"19/08/2022","5.670","0","0","0","0,60K","0,27%"
"18/08/2022","5.655","5.655","5.655","5.655","0,63K","-0,26%"
"17/08/2022","5.670","5.670","5.670","5.670","0,10K","0,00%"
"12/08/2022","5.670","5.670","5.670","5.670","0,23K","1,25%"
"11/08/2022","5.600","5.600","5.600","5.600","0,39K","-1,23%"
"10/08/2022","5.670","5.670","5.670","5.670","0,93K","7,49%"
"09/08/2022","5.275","5.275","5.275","5.275","0,69K","0,00%"
"05/08/2022","5.275","5.275","5.275","5.275","0,70K","-7,46%"
"04/08/2022","5.700","5.700","5.700","5.700","0,05K","-2,98%"
"03/08/2022","5.875","5.875","5.875","5.875","0,09K","0,00%"
"02/08/2022","5.875","5.875","5.875","5.875","0,58K","3,07%"
"01/08/2022","5.700","5.700","5.700","5.700","0,24K","1,79%"
"29/07/2022","5.600","5.600","5.600","5.600","0,12K","0,00%"
"28/07/2022","5.600","5.600","5.600","5.600","0,19K","-5,08%"
"27/07/2022","5.900","5.900","5.900","5.900","0,06K","-1,09%"
"26/07/2022","5.965","5.965","5.965","5.965","1,74K","1,27%"
"25/07/2022","5.890","5.890","5.890","5.890","0,29K","-0,34%"
"22/07/2022","5.910","5.910","5.910","5.910","0,13K","-0,08%"
"21/07/2022","5.915","5.915","5.915","5.915","0,11K","-0,25%"
"20/07/2022","5.930","5.930","5.930","5.930","0,10K","-0,67%"
"19/07/2022","5.970","5.970","5.970","5.970","1,18K","6,61%"
"18/07/2022","5.600","5.600","5.600","5.600","0,13K","0,00%"
"15/07/2022","5.600","5.600","5.600","5.600","1,91K","0,18%"
"14/07/2022","5.590","5.590","5.590","5.590","1,92K","0,18%"
"13/07/2022","5.580","5.580","5.580","5.580","0,17K","-0,18%"
"12/07/2022","5.590","5.590","5.590","5.590","0,20K","-0,09%"
"11/07/2022","5.595","5.595","5.595","5.595","0,54K","-3,53%"
"08/07/2022","5.800","5.800","5.800","5.800","1,18K","1,75%"
"07/07/2022","5.700","5.700","5.700","5.700","0,90K","0,88%"
"06/07/2022","5.650","5.650","5.650","5.650","0,49K","0,00%"
"05/07/2022","5.650","5.650","5.650","5.650","0,18K","-3,42%"
"04/07/2022","5.850","5.850","5.850","5.850","0,17K","2,63%"
"01/07/2022","5.700","5.700","5.700","5.700","0,01K","-2,56%"
"30/06/2022","5.850","5.850","5.850","5.850","0,61K","0,00%"
"29/06/2022","5.850","5.850","5.850","5.850","5,64K","0,00%"
"28/06/2022","5.850","5.850","5.850","5.850","4,60K","1,74%"
"27/06/2022","5.750","5.750","5.750","5.750","0,74K","0,88%"
"24/06/2022","5.700","5.700","5.700","5.700","1,43K","3,64%"
"23/06/2022","5.500","5.500","5.500","5.500","0,62K","0,00%"
"22/06/2022","5.500","5.500","5.500","5.500","4,90K","-1,43%"
"21/06/2022","5.580","5.580","5.580","5.580","1,99K","-0,09%"
"20/06/2022","5.585","5.585","5.585","5.585","0,17K","5,38%"
"17/06/2022","5.300","5.300","5.300","5.300","3,51K","1,92%"
"16/06/2022","5.200","5.200","5.200","5.200","0,24K","0,00%"
"15/06/2022","5.200","5.200","5.200","5.200","0,05K","0,00%"
"14/06/2022","5.200","5.200","5.200","5.200","0,72K","-0,48%"
"13/06/2022","5.225","5.225","5.225","5.225","0,43K","0,10%"
"10/06/2022","5.220","5.220","5.220","5.220","2,03K","-1,51%"
"09/06/2022","5.300","5.300","5.300","5.300","0,06K","-0,38%"
"08/06/2022","5.320","5.320","5.320","5.320","1,04K","2,31%"
"07/06/2022","5.200","5.200","5.200","5.200","1,07K","-2,26%"
"03/06/2022","5.320","5.320","5.320","5.320","0,22K","-7,48%"
"02/06/2022","5.750","5.750","5.750","5.750","0,01K","-1,46%"
"01/06/2022","5.835","5.835","5.835","5.835","0,39K","-0,09%"
"31/05/2022","5.840","5.840","5.840","5.840","1,29K","6,18%"
"30/05/2022","5.500","5.500","5.500","5.500","1,39K","0,09%"
"27/05/2022","5.495","5.495","5.495","5.495","0,16K","3,58%"
"25/05/2022","5.305","5.305","5.305","5.305","0,20K","0,09%"
"24/05/2022","5.300","5.300","5.300","5.300","2,23K","-5,36%"
"23/05/2022","5.600","5.600","5.600","5.600","1,95K","-4,11%"
"20/05/2022","5.840","5.840","5.840","5.840","1,23K","0,00%"
"19/05/2022","5.840","5.840","5.840","5.840","0,16K","-0,09%"
"18/05/2022","5.845","5.845","5.845","5.845","0,31K","-0,09%"
"17/05/2022","5.850","5.850","5.850","5.850","0,18K","0,00%"
"16/05/2022","5.850","5.850","5.850","5.850","0,10K","0,00%"
"13/05/2022","5.850","5.850","5.850","5.850","2,54K","6,07%"
"12/05/2022","5.515","5.515","5.515","5.515","0,09K","0,09%"
"11/05/2022","5.510","5.510","5.510","5.510","0,10K","-1,69%"
"10/05/2022","5.605","5.605","5.605","5.605","0,17K","-2,52%"
"09/05/2022","5.750","5.750","5.750","5.750","0,13K","0,00%"
"06/05/2022","5.750","5.750","5.750","5.750","0,07K","0,00%"
"05/05/2022","5.750","5.750","5.750","5.750","6,26K","-1,71%"
"04/05/2022","5.850","5.850","5.850","5.850","0,35K","1,74%"
"03/05/2022","5.750","5.750","5.750","5.750","6,78K","-1,71%"
"29/04/2022","5.850","5.850","5.850","5.850","0,12K","-2,01%"
"27/04/2022","5.970","5.970","5.970","5.970","0,06K","3,65%"
"26/04/2022","5.760","5.760","5.760","5.760","0,36K","0,17%"
"25/04/2022","5.750","5.750","5.750","5.750","2,17K","-0,86%"
"22/04/2022","5.800","5.800","5.800","5.800","2,03K","-3,01%"
"21/04/2022","5.980","5.980","5.980","5.980","1,38K","3,91%"
"20/04/2022","5.755","5.755","5.755","5.755","0,07K","-4,00%"
"19/04/2022","5.995","5.995","5.995","5.995","1,67K","5,18%"
"15/04/2022","5.700","5.700","5.700","5.700","0,19K","-1,72%"
"14/04/2022","5.800","5.800","5.800","5.800","35,04K","5,17%"
"13/04/2022","5.515","5.515","5.515","5.515","2,53K","-4,67%"
"12/04/2022","5.785","5.785","5.785","5.785","0,53K","-0,17%"
"11/04/2022","5.795","5.795","5.795","5.795","0,11K","0,00%"
"08/04/2022","5.795","5.795","5.795","5.795","0,25K","-0,09%"
"07/04/2022","5.800","5.800","5.800","5.800","0,66K","2,56%"
"06/04/2022","5.655","5.655","5.655","5.655","0,03K","-3,99%"
"05/04/2022","5.890","5.890","5.890","5.890","1,37K","0,08%"
"04/04/2022","5.885","5.885","5.885","5.885","1,40K","1,47%"
"01/04/2022","5.800","5.800","5.800","5.800","0,05K","0,00%"
"31/03/2022","5.800","5.800","5.800","5.800","9,99K","-1,61%"
"30/03/2022","5.895","5.895","5.895","5.895","0,83K","-0,08%"
"29/03/2022","5.900","5.900","5.900","5.900","0,74K","1,11%"
"28/03/2022","5.835","5.835","5.835","5.835","0,10K","-1,93%"
"25/03/2022","5.950","5.950","5.950","5.950","0,51K","3,75%"
"24/03/2022","5.735","5.735","5.735","5.735","0,22K","-0,09%"
"23/03/2022","5.740","5.740","5.740","5.740","4,94K","4,17%"
"22/03/2022","5.510","5.510","5.510","5.510","3,93K","-1,61%"
"21/03/2022","5.600","5.600","5.600","5.600","2,56K","0,90%"
"18/03/2022","5.550","5.550","5.550","5.550","0,37K","-1,68%"
"17/03/2022","5.645","5.645","5.645","5.645","0,38K","-0,09%"
"16/03/2022","5.650","5.650","5.650","5.650","1,36K","-2,50%"
"15/03/2022","5.795","5.795","5.795","5.795","5,60K","-1,78%"
"14/03/2022","5.900","5.900","5.900","5.900","0,23K","-1,67%"
"11/03/2022","6.000","6.000","6.000","6.000","1,54K","5,26%"
"10/03/2022","5.700","5.700","5.700","5.700","0,30K","0,00%"
"09/03/2022","5.700","5.700","5.700","5.700","1,68K","1,79%"
"08/03/2022","5.600","5.600","5.600","5.600","11,50K","-2,61%"
"07/03/2022","5.750","5.750","5.750","5.750","0,93K","2,68%"
"04/03/2022","5.600","5.600","5.600","5.600","0,48K","0,90%"
"03/03/2022","5.550","5.550","5.550","5.550","3,81K","-1,33%"
"02/03/2022","5.625","5.625","5.625","5.625","0,32K","0,00%"
"01/03/2022","5.625","5.625","5.625","5.625","1,09K","-0,44%"
"28/02/2022","5.650","5.650","5.650","5.650","1,48K","-1,65%"
"25/02/2022","5.745","5.745","5.745","5.745","0,19K","-0,09%"
"24/02/2022","5.750","5.750","5.750","5.750","0,48K","0,00%"
"23/02/2022","5.750","5.750","5.750","5.750","0,34K","0,00%"
"22/02/2022","5.750","5.750","5.750","5.750","6,23K","0,00%"
"21/02/2022","5.750","5.750","5.750","5.750","2,53K","0,00%"
"18/02/2022","5.750","5.750","5.750","5.750","2,15K","0,00%"
"17/02/2022","5.750","5.750","5.750","5.750","1,06K","1,77%"
"16/02/2022","5.650","5.650","5.650","5.650","0,26K","0,00%"
"15/02/2022","5.650","5.650","5.650","5.650","1,12K","-1,74%"
"14/02/2022","5.750","5.750","5.750","5.750","0,28K","0,00%"
"11/02/2022","5.750","5.750","5.750","5.750","0,41K","0,00%"
"10/02/2022","5.750","5.750","5.750","5.750","0,85K","0,00%"
"09/02/2022","5.750","5.750","5.750","5.750","1,42K","-0,86%"
"08/02/2022","5.800","5.800","5.800","5.800","1,52K","0,87%"
"07/02/2022","5.750","5.750","5.750","5.750","0,34K","-3,28%"
"04/02/2022","5.945","5.945","5.945","5.945","0,07K","-0,08%"
"03/02/2022","5.950","5.950","5.950","5.950","0,40K","2,59%"
"02/02/2022","5.800","5.800","5.800","5.800","0,47K","-3,25%"
"01/02/2022","5.995","5.995","5.995","5.995","0,07K","0,00%"
"31/01/2022","5.995","5.995","5.995","5.995","0,30K","-0,08%"
"28/01/2022","6.000","6.000","6.000","6.000","1,02K","0,00%"
"27/01/2022","6.000","6.000","6.000","6.000","0,59K","0,08%"
"26/01/2022","5.995","5.995","5.995","5.995","0,07K","-0,08%"
"25/01/2022","6.000","6.000","6.000","6.000","0,16K","0,33%"
"24/01/2022","5.980","5.980","5.980","5.980","0,15K","0,00%"
"21/01/2022","5.980","5.980","5.980","5.980","0,04K","0,00%"
"20/01/2022","5.980","5.980","5.980","5.980","0,02K","-0,33%"
"19/01/2022","6.000","6.000","6.000","6.000","0,06K","0,00%"
"18/01/2022","6.000","6.000","6.000","6.000","0,11K","0,00%"
"17/01/2022","6.000","6.000","6.000","6.000","0,02K","0,00%"
"14/01/2022","6.000","6.000","6.000","6.000","1,38K","4,53%"
"13/01/2022","5.740","5.740","5.740","5.740","0,20K","-1,03%"
"12/01/2022","5.800","5.800","5.800","5.800","0,44K","-3,33%"
"11/01/2022","6.000","6.000","6.000","6.000","0,24K","0,00%"
"10/01/2022","6.000","6.000","6.000","6.000","0,24K","3,45%"
"07/01/2022","5.800","5.800","5.800","5.800","2,24K","-1,69%"
"06/01/2022","5.900","5.900","5.900","5.900","0,13K","-0,84%"
"05/01/2022","5.950","5.950","5.950","5.950","0,50K","0,85%"
"04/01/2022","5.900","5.900","5.900","5.900","0,22K","-1,67%"
"03/01/2022","6.000","6.000","6.000","6.000","0,13K","-2,99%"
"31/12/2021","6.185","6.185","6.185","6.185","3,70K","0,00%"
"30/12/2021","6.185","6.185","6.185","6.185","5,26K","0,57%"
"29/12/2021","6.150","6.150","6.150","6.150","1,66K","-1,60%"
"28/12/2021","6.250","6.250","6.250","6.250","2,80K","1,21%"
"27/12/2021","6.175","6.175","6.175","6.175","0,52K","-0,32%"
"24/12/2021","6.195","6.195","6.195","6.195","0,05K","-0,08%"
"23/12/2021","6.200","6.200","6.200","6.200","1,21K","6,90%"
"22/12/2021","5.800","5.800","5.800","5.800","1,34K","-3,25%"
"21/12/2021","5.995","5.995","5.995","5.995","0,20K","-1,56%"
"20/12/2021","6.090","6.090","6.090","6.090","0,10K","-1,77%"
"17/12/2021","6.200","6.200","6.200","6.200","0,02K","-3,05%"
"16/12/2021","6.395","6.395","6.395","6.395","0,90K","0,00%"
"15/12/2021","6.395","6.395","6.395","6.395","0,06K","-0,08%"
"14/12/2021","6.400","6.400","6.400","6.400","0,20K","3,06%"
"13/12/2021","6.210","6.210","6.210","6.210","0,20K","0,00%"
"10/12/2021","6.210","6.210","6.210","6.210","0,31K","-4,39%"
"09/12/2021","6.495","6.495","6.495","6.495","0,29K","3,84%"
"08/12/2021","6.255","6.255","6.255","6.255","0,06K","-0,71%"
"07/12/2021","6.300","6.300","6.300","6.300","0,24K","0,80%"
"06/12/2021","6.250","6.250","6.250","6.250","2,87K","-3,85%"
"03/12/2021","6.500","6.500","6.500","6.500","6,19K","4,00%"
"02/12/2021","6.250","6.250","6.250","6.250","0,56K","1,46%"
"01/12/2021","6.160","6.160","6.160","6.160","0,58K","-0,56%"
"30/11/2021","6.195","6.195","6.195","6.195","0,08K","0,57%"
"29/11/2021","6.160","6.160","6.160","6.160","1,37K","-0,65%"
"26/11/2021","6.200","6.200","6.200","6.200","1,09K","-1,59%"
"25/11/2021","6.300","6.300","6.300","6.300","0,23K","0,00%"
"24/11/2021","6.300","6.300","6.300","6.300","1,21K","2,44%"
"23/11/2021","6.150","6.150","6.150","6.150","0,03K","0,00%"
"22/11/2021","6.150","6.150","6.150","6.150","0,33K","-0,81%"
"19/11/2021","6.200","6.200","6.200","6.200","0,88K","0,00%"
"18/11/2021","6.200","6.200","6.200","6.200","0,54K","0,16%"
"17/11/2021","6.190","6.190","6.190","6.190","5,40K","1,31%"
"16/11/2021","6.110","6.110","6.110","6.110","0,40K","-1,29%"
"12/11/2021","6.190","6.190","6.190","6.190","0,41K","1,39%"
"11/11/2021","6.105","6.105","6.105","6.105","0,19K","0,08%"
"10/11/2021","6.100","6.100","6.100","6.100","1,53K","1,16%"
"09/11/2021","6.030","6.030","6.030","6.030","1,45K","0,00%"
"08/11/2021","6.030","6.030","6.030","6.030","0,04K","0,17%"
"05/11/2021","6.020","6.020","6.020","6.020","0,76K","-1,31%"
"04/11/2021","6.100","6.100","6.100","6.100","1,06K","0,00%"
"03/11/2021","6.100","6.100","6.100","6.100","1,08K","-3,17%"
"02/11/2021","6.300","6.300","6.300","6.300","0,41K","-1,56%"
"29/10/2021","6.400","6.400","6.400","6.400","2,96K","6,49%"
"28/10/2021","6.010","6.010","6.010","6.010","0,67K","0,00%"
"27/10/2021","6.010","6.010","6.010","6.010","1,23K","0,17%"
"26/10/2021","6.000","6.000","6.000","6.000","0,09K","1,61%"
"25/10/2021","5.905","5.905","5.905","5.905","1,87K","-0,25%"
"22/10/2021","5.920","5.920","5.920","5.920","0,05K","0,25%"
"21/10/2021","5.905","5.905","5.905","5.905","0,83K","-0,08%"
"20/10/2021","5.910","5.910","5.910","5.910","0,02K","-3,11%"
"19/10/2021","6.100","6.100","6.100","6.100","0,48K","3,04%"
"15/10/2021","5.920","5.920","5.920","5.920","6,34K","0,00%"
"14/10/2021","5.920","5.920","5.920","5.920","0,11K","-1,00%"
"13/10/2021","5.980","5.980","5.980","5.980","0,01K","3,10%"
"12/10/2021","5.800","5.800","5.800","5.800","2,98K","1,58%"
"11/10/2021","5.710","5.710","5.710","5.710","0,28K","-0,78%"
"08/10/2021","5.755","5.755","5.755","5.755","0,11K","-2,46%"
"07/10/2021","5.900","5.900","5.900","5.900","2,22K","0,00%"
"06/10/2021","5.900","5.900","5.900","5.900","0,23K","-1,58%"
"05/10/2021","5.995","5.995","5.995","5.995","0,46K","-0,08%"
"04/10/2021","6.000","6.000","6.000","6.000","0,57K","1,61%"
"01/10/2021","5.905","5.905","5.905","5.905","0,41K","-0,34%"
"30/09/2021","5.925","5.925","5.925","5.925","0,39K","0,08%"
"29/09/2021","5.920","5.920","5.920","5.920","0,12K","-2,87%"
"28/09/2021","6.095","6.095","6.095","6.095","11,05K","-0,33%"
"27/09/2021","6.115","6.115","6.115","6.115","0,17K","0,00%"
"24/09/2021","6.115","6.115","6.115","6.115","2,53K","-0,65%"
"23/09/2021","6.155","6.155","6.155","6.155","1,36K","0,08%"
"22/09/2021","6.150","6.150","6.150","6.150","0,34K","-0,73%"
"21/09/2021","6.195","6.195","6.195","6.195","0,08K","0,00%"
"20/09/2021","6.195","6.195","6.195","6.195","10,62K","2,23%"
"17/09/2021","6.060","6.060","6.060","6.060","0,79K","-0,66%"
"16/09/2021","6.100","6.100","6.100","6.100","1,26K","0,66%"
"15/09/2021","6.060","6.060","6.060","6.060","3,64K","-1,46%"
"14/09/2021","6.150","6.150","6.150","6.150","0,41K","-0,65%"
"13/09/2021","6.190","6.190","6.190","6.190","1,43K","-0,16%"
"10/09/2021","6.200","6.200","6.200","6.200","8,25K","-0,08%"
"09/09/2021","6.205","6.205","6.205","6.205","0,91K","7,45%"
"08/09/2021","5.775","5.775","5.775","5.775","0,33K","7,44%"
"07/09/2021","5.375","5.375","5.375","5.375","9,61K","7,50%"
"06/09/2021","5.000","5.000","5.000","5.000","0,92K","2,04%"
"03/09/2021","4.900","4.900","4.900","4.900","0,07K","-1,80%"
"02/09/2021","4.990","4.990","4.990","4.990","0,56K","-0,20%"
"01/09/2021","5.000","5.000","5.000","5.000","0,96K","0,00%"
"31/08/2021","5.000","5.000","5.000","5.000","1,85K","0,00%"
"30/08/2021","5.000","5.000","5.000","5.000","4,36K","-1,86%"
"27/08/2021","5.095","5.095","5.095","5.095","0,43K","0,00%"
"26/08/2021","5.095","5.095","5.095","5.095","1,72K","0,00%"
"25/08/2021","5.095","5.095","5.095","5.095","0,67K","0,00%"
"24/08/2021","5.095","5.095","5.095","5.095","0,56K","0,00%"
"23/08/2021","5.095","5.095","5.095","5.095","0,49K","0,00%"
"20/08/2021","5.095","5.095","5.095","5.095","0,79K","0,10%"
"19/08/2021","5.090","5.090","5.090","5.090","0,30K","-0,20%"
"18/08/2021","5.100","5.100","5.100","5.100","0,74K","2,20%"
"17/08/2021","4.990","4.990","4.990","4.990","0,50K","-0,10%"
"16/08/2021","4.995","4.995","4.995","4.995","0,05K","-0,10%"
"13/08/2021","5.000","5.000","5.000","5.000","2,68K","0,10%"
"12/08/2021","4.995","4.995","4.995","4.995","3,06K","-0,10%"
"11/08/2021","5.000","5.000","5.000","5.000","8,50K","0,10%"
"10/08/2021","4.995","4.995","4.995","4.995","5,68K","-0,10%"
"09/08/2021","5.000","5.000","5.000","5.000","0,43K","-1,86%"
"06/08/2021","5.095","5.095","5.095","5.095","0,35K","3,98%"
"05/08/2021","4.900","4.900","4.900","4.900","7,29K","-2,10%"
"04/08/2021","5.005","5.005","5.005","5.005","13,07K","0,10%"
"03/08/2021","5.000","5.000","5.000","5.000","3,40K","0,00%"
"02/08/2021","5.000","5.000","5.000","5.000","0,27K","1,01%"
"29/07/2021","4.950","4.950","4.950","4.950","0,16K","-0,90%"
"28/07/2021","4.995","4.995","4.995","4.995","0,22K","4,28%"
"27/07/2021","4.790","4.790","4.790","4.790","0,96K","0,84%"
"26/07/2021","4.750","4.750","4.750","4.750","0,11K","1,06%"
"23/07/2021","4.700","4.700","4.700","4.700","5,20K","0,00%"
"22/07/2021","4.700","4.700","4.700","4.700","4,83K","-1,05%"
"21/07/2021","4.750","4.750","4.750","4.750","7,06K","-1,04%"
"16/07/2021","4.800","4.800","4.800","4.800","0,06K","-2,04%"
"15/07/2021","4.900","4.900","4.900","4.900","0,06K","-2,00%"
"14/07/2021","5.000","5.000","5.000","5.000","0,35K","2,04%"
"13/07/2021","4.900","4.900","4.900","4.900","0,12K","-1,01%"
"12/07/2021","4.950","4.950","4.950","4.950","0,00K","-2,94%"
"09/07/2021","5.100","5.100","5.100","5.100","2,73K","4,08%"
"08/07/2021","4.900","4.900","4.900","4.900","0,10K","-1,01%"
"07/07/2021","4.950","4.950","4.950","4.950","0,73K","0,00%"
"06/07/2021","4.950","4.950","4.950","4.950","0,01K","0,00%"
"05/07/2021","4.950","4.950","4.950","4.950","0,32K","-1,00%"
"02/07/2021","5.000","5.000","5.000","5.000","0,03K","0,00%"
"01/07/2021","5.000","5.000","5.000","5.000","0,28K","-3,66%"
"30/06/2021","5.190","5.190","5.190","5.190","1,16K","-0,10%"
"29/06/2021","5.195","5.195","5.195","5.195","0,25K","-0,10%"
"28/06/2021","5.200","5.200","5.200","5.200","0,65K","0,00%"
"25/06/2021","5.200","5.200","5.200","5.200","0,41K","0,00%"
"24/06/2021","5.200","5.200","5.200","5.200","0,58K","0,00%"
"23/06/2021","5.200","5.200","5.200","5.200","0,08K","-5,45%"
"22/06/2021","5.500","5.500","5.500","5.500","3,47K","-1,79%"
"21/06/2021","5.600","5.600","5.600","5.600","0,25K","5,66%"
"18/06/2021","5.300","5.300","5.300","5.300","1,92K","6,00%"
"17/06/2021","5.000","5.000","5.000","5.000","3,61K","4,17%"
"16/06/2021","4.800","4.800","4.800","4.800","0,40K","-5,88%"
"15/06/2021","5.100","5.100","5.100","5.100","1,45K","2,10%"
"14/06/2021","4.995","4.995","4.995","4.995","1,21K","0,30%"
"11/06/2021","4.980","4.980","4.980","4.980","0,23K","0,00%"
"10/06/2021","4.980","4.980","4.980","4.980","0,70K","0,00%"
"09/06/2021","4.980","4.980","4.980","4.980","13,23K","3,75%"
"08/06/2021","4.800","4.800","4.800","4.800","0,08K","-2,04%"
"07/06/2021","4.900","4.900","4.900","4.900","0,04K","2,08%"
"04/06/2021","4.800","4.800","4.800","4.800","0,13K","2,13%"
"03/06/2021","4.700","4.700","4.700","4.700","30,15K","4,21%"
"02/06/2021","4.510","4.510","4.510","4.510","0,65K","-4,04%"
"01/06/2021","4.700","4.700","4.700","4.700","0,58K","5,62%"
"31/05/2021","4.450","4.450","4.450","4.450","0,34K","2,30%"
"28/05/2021","4.350","4.350","4.350","4.350","0,61K","1,05%"
"27/05/2021","4.305","4.305","4.305","4.305","1,65K","3,99%"
"26/05/2021","4.140","4.140","4.140","4.140","1,36K","7,39%"
"25/05/2021","3.855","3.855","3.855","3.855","0,02K","0,13%"
"21/05/2021","3.850","3.850","3.850","3.850","0,14K","0,79%"
"20/05/2021","3.820","3.820","3.820","3.820","0,14K","-6,49%"
"19/05/2021","4.085","4.085","4.085","4.085","0,05K","7,50%"
"18/05/2021","3.800","3.800","3.800","3.800","0,65K","-2,19%"
"17/05/2021","3.885","3.885","3.885","3.885","1,15K","2,24%"
"14/05/2021","3.800","3.800","3.800","3.800","0,15K","-2,19%"
"11/05/2021","3.885","3.885","3.885","3.885","0,70K","0,00%"
"10/05/2021","3.885","3.885","3.885","3.885","3,84K","-7,39%"
"07/05/2021","4.195","4.195","4.195","4.195","0,99K","-0,12%"
"06/05/2021","4.200","4.200","4.200","4.200","2,10K","1,20%"
"05/05/2021","4.150","4.150","4.150","4.150","0,00K","0,00%"
"04/05/2021","4.150","4.150","4.150","4.150","0,32K","0,00%"
"03/05/2021","4.150","4.150","4.150","4.150","4,43K","3,88%"
"30/04/2021","3.995","3.995","3.995","3.995","7,12K","0,00%"
"29/04/2021","3.995","3.995","3.995","3.995","0,59K","5,13%"
"28/04/2021","3.800","3.800","3.800","3.800","0,20K","4,54%"
"27/04/2021","3.635","3.635","3.635","3.635","0,50K","-4,34%"
"26/04/2021","3.800","3.800","3.800","3.800","0,13K","5,41%"
"23/04/2021","3.605","3.605","3.605","3.605","0,15K","-6,36%"
"22/04/2021","3.850","3.850","3.850","3.850","0,16K","6,50%"
"21/04/2021","3.615","3.615","3.615","3.615","0,64K","-0,14%"
"20/04/2021","3.620","3.620","3.620","3.620","0,10K","-3,47%"
"19/04/2021","3.750","3.750","3.750","3.750","0,17K","1,35%"
"16/04/2021","3.700","3.700","3.700","3.700","7,91K","1,23%"
"15/04/2021","3.655","3.655","3.655","3.655","0,02K","0,00%"
"14/04/2021","3.655","3.655","3.655","3.655","0,30K","-2,53%"
"13/04/2021","3.750","3.750","3.750","3.750","0,24K","0,00%"
"12/04/2021","3.750","3.750","3.750","3.750","0,16K","0,00%"
"09/04/2021","3.750","3.750","3.750","3.750","0,37K","0,00%"
"08/04/2021","3.750","3.750","3.750","3.750","1,15K","-1,32%"
"07/04/2021","3.800","3.800","3.800","3.800","0,18K","6,89%"
"06/04/2021","3.555","3.555","3.555","3.555","0,16K","-6,45%"
"02/04/2021","3.800","3.800","3.800","3.800","0,19K","5,56%"
"01/04/2021","3.600","3.600","3.600","3.600","0,22K","1,41%"
"31/03/2021","3.550","3.550","3.550","3.550","0,09K","0,71%"
"30/03/2021","3.525","3.525","3.525","3.525","0,08K","-2,08%"
"29/03/2021","3.600","3.600","3.600","3.600","0,06K","0,00%"
"25/03/2021","3.600","3.600","3.600","3.600","0,14K","-0,14%"
"24/03/2021","3.605","3.605","3.605","3.605","0,01K","2,56%"
"23/03/2021","3.515","3.515","3.515","3.515","7,28K","-7,38%"
"22/03/2021","3.795","3.795","3.795","3.795","0,05K","2,57%"
"18/03/2021","3.700","3.700","3.700","3.700","0,53K","1,37%"
"17/03/2021","3.650","3.650","3.650","3.650","0,11K","0,00%"
"16/03/2021","3.650","3.650","3.650","3.650","0,20K","1,39%"
"15/03/2021","3.600","3.600","3.600","3.600","0,18K","0,00%"
"12/03/2021","3.600","3.600","3.600","3.600","0,32K","-6,49%"
"11/03/2021","3.850","3.850","3.850","3.850","0,14K","1,32%"
"10/03/2021","3.800","3.800","3.800","3.800","3,03K","-2,31%"
"09/03/2021","3.890","3.890","3.890","3.890","0,82K","3,60%"
"08/03/2021","3.755","3.755","3.755","3.755","0,23K","7,44%"
"05/03/2021","3.495","3.495","3.495","3.495","0,27K","1,30%"
"04/03/2021","3.450","3.450","3.450","3.450","0,08K","0,00%"
"03/03/2021","3.450","3.450","3.450","3.450","0,47K","-1,43%"
"02/03/2021","3.500","3.500","3.500","3.500","0,09K","0,00%"
"01/03/2021","3.500","3.500","3.500","3.500","0,27K","0,00%"
"26/02/2021","3.500","3.500","3.500","3.500","1,28K","-2,78%"
"25/02/2021","3.600","3.600","3.600","3.600","0,06K","2,86%"
"24/02/2021","3.500","3.500","3.500","3.500","0,43K","2,94%"
"23/02/2021","3.400","3.400","3.400","3.400","1,18K","0,00%"
"22/02/2021","3.400","3.400","3.400","3.400","2,25K","-4,63%"
"19/02/2021","3.565","3.565","3.565","3.565","0,11K","-7,40%"
"18/02/2021","3.850","3.850","3.850","3.850","0,00K","-0,13%"
"17/02/2021","3.855","3.855","3.855","3.855","0,01K","-3,50%"
"16/02/2021","3.995","3.995","3.995","3.995","0,33K","-2,44%"
"15/02/2021","4.095","4.095","4.095","4.095","0,01K","0,00%"
"12/02/2021","4.095","4.095","4.095","4.095","0,05K","-1,33%"
"11/02/2021","4.150","4.150","4.150","4.150","0,13K","-6,64%"
"10/02/2021","4.445","4.445","4.445","4.445","0,01K","-2,31%"
"09/02/2021","4.550","4.550","4.550","4.550","0,19K","3,41%"
"08/02/2021","4.400","4.400","4.400","4.400","0,02K","0,00%"
"05/02/2021","4.400","4.400","4.400","4.400","0,02K","0,00%"
"04/02/2021","4.400","4.400","4.400","4.400","0,42K","-2,22%"
"03/02/2021","4.500","4.500","4.500","4.500","5,69K","0,00%"
"02/02/2021","4.500","4.500","4.500","4.500","2,96K","0,00%"
"01/02/2021","4.500","4.500","4.500","4.500","0,04K","2,27%"
"29/01/2021","4.400","4.400","4.400","4.400","0,00K","6,02%"
"28/01/2021","4.150","4.150","4.150","4.150","0,00K","0,00%"
"27/01/2021","4.150","4.150","4.150","4.150","0,03K","1,34%"
"26/01/2021","4.095","4.095","4.095","4.095","0,02K","0,00%"
"25/01/2021","4.095","4.095","4.095","4.095","0,07K","0,00%"
"22/01/2021","4.095","4.095","4.095","4.095","0,18K","6,23%"
"21/01/2021","3.855","3.855","3.855","3.855","0,14K","7,38%"
"20/01/2021","3.590","3.590","3.590","3.590","0,06K","-6,75%"
"19/01/2021","3.850","3.850","3.850","3.850","0,30K","-5,98%"
"18/01/2021","4.095","4.095","4.095","4.095","0,07K","0,00%"
"15/01/2021","4.095","4.095","4.095","4.095","0,06K","-0,97%"
"14/01/2021","4.135","4.135","4.135","4.135","0,30K","0,00%"
"13/01/2021","4.135","4.135","4.135","4.135","0,60K","-7,49%"
"12/01/2021","4.470","4.470","4.470","4.470","0,04K","0,00%"
"11/01/2021","4.470","4.470","4.470","4.470","0,11K","-7,07%"
"08/01/2021","4.810","4.810","4.810","4.810","0,01K","0,00%"
"07/01/2021","4.810","4.810","4.810","4.810","0,15K","-5,69%"
"06/01/2021","5.100","5.100","5.100","5.100","0,15K","-1,92%"
"05/01/2021","5.200","5.200","5.200","5.200","0,11K","-6,31%"
"04/01/2021","5.550","5.550","5.550","5.550","0,04K","-7,50%"
"31/12/2020","6.000","6.000","6.000","6.000","10,00K","0,08%"
"30/12/2020","5.995","5.995","5.995","5.995","18,49K","-0,08%"
"29/12/2020","6.000","6.000","6.000","6.000","14,54K","1,69%"
"28/12/2020","5.900","5.900","5.900","5.900","1,87K","-1,67%"
"24/12/2020","6.000","6.000","6.000","6.000","0,08K","-3,15%"
"23/12/2020","6.195","6.195","6.195","6.195","2,12K","1,89%"
"22/12/2020","6.080","6.080","6.080","6.080","0,38K","-2,64%"
"21/12/2020","6.245","6.245","6.245","6.245","0,71K","-0,08%"
"18/12/2020","6.250","6.250","6.250","6.250","3,16K","5,93%"
"17/12/2020","5.900","5.900","5.900","5.900","13,10K","7,27%"
"16/12/2020","5.500","5.500","5.500","5.500","2,46K","0,00%"
"15/12/2020","5.500","5.500","5.500","5.500","8,14K","3,77%"
"14/12/2020","5.300","5.300","5.300","5.300","1,90K","-3,64%"
"11/12/2020","5.500","5.500","5.500","5.500","1,48K","0,00%"
"10/12/2020","5.500","5.500","5.500","5.500","0,75K","0,36%"
"08/12/2020","5.480","5.480","5.480","5.480","1,20K","7,45%"
"07/12/2020","5.100","5.100","5.100","5.100","1,21K","3,66%"
"04/12/2020","4.920","4.920","4.920","4.920","0,49K","-7,08%"
"03/12/2020","5.295","5.295","5.295","5.295","2,75K","0,00%"
"02/12/2020","5.295","5.295","5.295","5.295","5,80K","-3,73%"
"01/12/2020","5.500","5.500","5.500","5.500","3,68K","3,77%"
"30/11/2020","5.300","5.300","5.300","5.300","1,81K","0,09%"
"27/11/2020","5.295","5.295","5.295","5.295","0,73K","-0,09%"
"26/11/2020","5.300","5.300","5.300","5.300","1,48K","-0,66%"
"25/11/2020","5.335","5.335","5.335","5.335","4,07K","7,45%"
"24/11/2020","4.965","4.965","4.965","4.965","1,06K","7,47%"
"23/11/2020","4.620","4.620","4.620","4.620","0,28K","7,44%"
"20/11/2020","4.300","4.300","4.300","4.300","5,02K","4,88%"
"19/11/2020","4.100","4.100","4.100","4.100","0,07K","2,50%"
"18/11/2020","4.000","4.000","4.000","4.000","0,10K","-2,44%"
"17/11/2020","4.100","4.100","4.100","4.100","1,48K","2,50%"
"16/11/2020","4.000","4.000","4.000","4.000","0,39K","0,00%"
"13/11/2020","4.000","4.000","4.000","4.000","0,16K","0,00%"
"12/11/2020","4.000","4.000","4.000","4.000","9,91K","0,00%"
"11/11/2020","4.000","4.000","4.000","4.000","4,48K","0,00%"
"10/11/2020","4.000","4.000","4.000","4.000","0,11K","0,00%"
"09/11/2020","4.000","4.000","4.000","4.000","1,09K","0,00%"
"06/11/2020","4.000","4.000","4.000","4.000","0,13K","0,00%"
"05/11/2020","4.000","4.000","4.000","4.000","1,31K","5,26%"
"04/11/2020","3.800","3.800","3.800","3.800","0,02K","2,70%"
"03/11/2020","3.700","3.700","3.700","3.700","1,53K","-6,33%"
"02/11/2020","3.950","3.950","3.950","3.950","0,45K","-1,25%"
"30/10/2020","4.000","4.000","4.000","4.000","0,73K","0,00%"
"28/10/2020","4.000","4.000","4.000","4.000","0,65K","0,13%"
"27/10/2020","3.995","3.995","3.995","3.995","0,49K","-0,13%"
"26/10/2020","4.000","4.000","4.000","4.000","3,55K","0,00%"
"23/10/2020","4.000","4.000","4.000","4.000","2,63K","5,26%"
"22/10/2020","3.800","3.800","3.800","3.800","1,28K","4,25%"
"21/10/2020","3.645","3.645","3.645","3.645","0,62K","-0,14%"
"20/10/2020","3.650","3.650","3.650","3.650","0,61K","4,29%"
"19/10/2020","3.500","3.500","3.500","3.500","1,72K","3,24%"
"16/10/2020","3.390","3.390","3.390","3.390","0,38K","5,94%"
"15/10/2020","3.200","3.200","3.200","3.200","0,07K","1,59%"
"14/10/2020","3.150","3.150","3.150","3.150","0,06K","0,00%"
"13/10/2020","3.150","3.150","3.150","3.150","0,03K","-1,56%"
"12/10/2020","3.200","3.200","3.200","3.200","0,12K","1,59%"
"09/10/2020","3.150","3.150","3.150","3.150","0,08K","0,00%"
"08/10/2020","3.150","3.150","3.150","3.150","0,66K","-1,56%"
"07/10/2020","3.200","3.200","3.200","3.200","0,51K","1,59%"
"06/10/2020","3.150","3.150","3.150","3.150","0,24K","-1,56%"
"05/10/2020","3.200","3.200","3.200","3.200","0,12K","-3,03%"
"02/10/2020","3.300","3.300","3.300","3.300","0,02K","3,13%"
"01/10/2020","3.200","3.200","3.200","3.200","0,23K","-5,60%"
"30/09/2020","3.390","3.390","3.390","3.390","0,12K","0,00%"
"28/09/2020","3.390","3.390","3.390","3.390","0,23K","0,00%"
"25/09/2020","3.390","3.390","3.390","3.390","0,10K","3,35%"
"22/09/2020","3.280","3.280","3.280","3.280","0,11K","3,96%"
"21/09/2020","3.155","3.155","3.155","3.155","2,89K","-1,41%"
"18/09/2020","3.200","3.200","3.200","3.200","0,07K","-4,48%"
"17/09/2020","3.350","3.350","3.350","3.350","11,55K","1,52%"
"16/09/2020","3.300","3.300","3.300","3.300","0,88K","1,54%"
"15/09/2020","3.250","3.250","3.250","3.250","0,04K","0,00%"
"14/09/2020","3.250","3.250","3.250","3.250","0,19K","1,56%"
"11/09/2020","3.200","3.200","3.200","3.200","0,12K","1,59%"
"10/09/2020","3.150","3.150","3.150","3.150","0,27K","-1,56%"
"09/09/2020","3.200","3.200","3.200","3.200","0,15K","-0,31%"
"08/09/2020","3.210","3.210","3.210","3.210","0,31K","0,16%"
"07/09/2020","3.205","3.205","3.205","3.205","0,06K","1,58%"
"04/09/2020","3.155","3.155","3.155","3.155","0,29K","0,48%"
"03/09/2020","3.140","3.140","3.140","3.140","10,05K","-1,88%"
"02/09/2020","3.200","3.200","3.200","3.200","0,15K","0,16%"
"01/09/2020","3.195","3.195","3.195","3.195","2,19K","-7,39%"
"31/08/2020","3.450","3.450","3.450","3.450","3,19K","1,77%"
"28/08/2020","3.390","3.390","3.390","3.390","3,01K","5,77%"
"27/08/2020","3.205","3.205","3.205","3.205","0,24K","-7,10%"
"26/08/2020","3.450","3.450","3.450","3.450","0,19K","6,15%"
"24/08/2020","3.250","3.250","3.250","3.250","5,03K","-1,52%"
"21/08/2020","3.300","3.300","3.300","3.300","0,35K","-1,49%"
"20/08/2020","3.350","3.350","3.350","3.350","0,05K","-0,45%"
"19/08/2020","3.365","3.365","3.365","3.365","0,20K","-0,15%"
"18/08/2020","3.370","3.370","3.370","3.370","0,06K","-0,30%"
"17/08/2020","3.380","3.380","3.380","3.380","0,07K","0,00%"
"14/08/2020","3.380","3.380","3.380","3.380","0,85K","0,00%"
"13/08/2020","3.380","3.380","3.380","3.380","0,26K","-0,29%"
"12/08/2020","3.390","3.390","3.390","3.390","0,41K","2,73%"
"11/08/2020","3.300","3.300","3.300","3.300","0,34K","0,00%"
"10/08/2020","3.300","3.300","3.300","3.300","1,49K","3,13%"
"05/08/2020","3.200","3.200","3.200","3.200","0,29K","-5,88%"
"04/08/2020","3.400","3.400","3.400","3.400","0,04K","0,00%"
"03/08/2020","3.400","3.400","3.400","3.400","0,35K","-5,56%"
"30/07/2020","3.600","3.600","3.600","3.600","0,71K","5,88%"
"29/07/2020","3.400","3.400","3.400","3.400","0,42K","-1,02%"
"28/07/2020","3.435","3.435","3.435","3.435","1,12K","2,69%"
"27/07/2020","3.345","3.345","3.345","3.345","0,26K","2,92%"
"24/07/2020","3.250","3.250","3.250","3.250","0,23K","0,00%"
"23/07/2020","3.250","3.250","3.250","3.250","1,24K","1,56%"
"22/07/2020","3.200","3.200","3.200","3.200","0,14K","-5,47%"
"21/07/2020","3.385","3.385","3.385","3.385","0,06K","0,00%"
"20/07/2020","3.385","3.385","3.385","3.385","0,31K","-7,39%"
"17/07/2020","3.655","3.655","3.655","3.655","1,98K","0,00%"
"16/07/2020","3.655","3.655","3.655","3.655","0,26K","7,50%"
"15/07/2020","3.400","3.400","3.400","3.400","0,16K","-1,45%"
"14/07/2020","3.450","3.450","3.450","3.450","0,89K","1,47%"
"13/07/2020","3.400","3.400","3.400","3.400","0,01K","6,25%"
"10/07/2020","3.200","3.200","3.200","3.200","0,04K","0,00%"
"09/07/2020","3.200","3.200","3.200","3.200","0,30K","-5,74%"
"08/07/2020","3.395","3.395","3.395","3.395","0,34K","5,93%"
"07/07/2020","3.205","3.205","3.205","3.205","0,22K","-5,74%"
"06/07/2020","3.400","3.400","3.400","3.400","0,04K","-5,56%"
"03/07/2020","3.600","3.600","3.600","3.600","0,38K","-2,70%"
"02/07/2020","3.700","3.700","3.700","3.700","0,06K","2,78%"
"01/07/2020","3.600","3.600","3.600","3.600","0,05K","-2,70%"
"30/06/2020","3.700","3.700","3.700","3.700","3,17K","0,00%"
"29/06/2020","3.700","3.700","3.700","3.700","0,07K","0,00%"
"26/06/2020","3.700","3.700","3.700","3.700","1,54K","5,26%"
"25/06/2020","3.515","3.515","3.515","3.515","0,10K","-7,50%"
"24/06/2020","3.800","3.800","3.800","3.800","0,25K","-2,56%"
"23/06/2020","3.900","3.900","3.900","3.900","0,10K","-1,27%"
"22/06/2020","3.950","3.950","3.950","3.950","0,07K","-1,25%"
"19/06/2020","4.000","4.000","4.000","4.000","0,24K","5,26%"
"18/06/2020","3.800","3.800","3.800","3.800","0,03K","0,26%"
"17/06/2020","3.790","3.790","3.790","3.790","0,19K","-0,13%"
"16/06/2020","3.795","3.795","3.795","3.795","0,35K","2,57%"
"15/06/2020","3.700","3.700","3.700","3.700","0,12K","-3,90%"
"12/06/2020","3.850","3.850","3.850","3.850","0,00K","1,32%"
"11/06/2020","3.800","3.800","3.800","3.800","0,09K","-7,32%"
"10/06/2020","4.100","4.100","4.100","4.100","0,10K","1,49%"
"09/06/2020","4.040","4.040","4.040","4.040","2,79K","7,45%"
"08/06/2020","3.760","3.760","3.760","3.760","0,01K","7,43%"
"05/06/2020","3.500","3.500","3.500","3.500","0,36K","-5,41%"
"04/06/2020","3.700","3.700","3.700","3.700","0,07K","5,71%"
"03/06/2020","3.500","3.500","3.500","3.500","1,55K","6,06%"
"02/06/2020","3.300","3.300","3.300","3.300","0,77K","3,13%"
"29/05/2020","3.200","3.200","3.200","3.200","0,03K","1,75%"
"28/05/2020","3.145","3.145","3.145","3.145","0,52K","-1,72%"
"27/05/2020","3.200","3.200","3.200","3.200","1,08K","0,00%"
"26/05/2020","3.200","3.200","3.200","3.200","0,03K","0,00%"
"25/05/2020","3.200","3.200","3.200","3.200","0,07K","0,00%"
"22/05/2020","3.200","3.200","3.200","3.200","1,22K","3,23%"
"19/05/2020","3.100","3.100","3.100","3.100","0,63K","3,33%"
"18/05/2020","3.000","3.000","3.000","3.000","0,50K","0,00%"
"15/05/2020","3.000","3.000","3.000","3.000","0,24K","-1,64%"
"14/05/2020","3.050","3.050","3.050","3.050","0,11K","-1,93%"
"13/05/2020","3.110","3.110","3.110","3.110","0,09K","-2,81%"
"12/05/2020","3.200","3.200","3.200","3.200","0,23K","3,23%"
"11/05/2020","3.100","3.100","3.100","3.100","0,11K","-6,06%"
"08/05/2020","3.300","3.300","3.300","3.300","0,01K","-0,90%"
"07/05/2020","3.330","3.330","3.330","3.330","0,02K","0,00%"
"06/05/2020","3.330","3.330","3.330","3.330","0,00K","7,42%"
"05/05/2020","3.100","3.100","3.100","3.100","0,18K","1,64%"
"04/05/2020","3.050","3.050","3.050","3.050","0,17K","-1,61%"
"30/04/2020","3.100","3.100","3.100","3.100","0,08K","0,00%"
"29/04/2020","3.100","3.100","3.100","3.100","0,01K","0,16%"
"28/04/2020","3.095","3.095","3.095","3.095","0,17K","-0,32%"
"27/04/2020","3.105","3.105","3.105","3.105","0,14K","0,00%"
"24/04/2020","3.105","3.105","3.105","3.105","0,34K","0,00%"
"23/04/2020","3.105","3.105","3.105","3.105","0,00K","0,00%"
"22/04/2020","3.105","3.105","3.105","3.105","0,02K","0,00%"
"21/04/2020","3.105","3.105","3.105","3.105","0,06K","3,50%"
"20/04/2020","3.000","3.000","3.000","3.000","2,34K","3,27%"
"17/04/2020","2.905","2.905","2.905","2.905","3,71K","-3,17%"
"16/04/2020","3.000","3.000","3.000","3.000","1,20K","0,00%"
"15/04/2020","3.000","3.000","3.000","3.000","0,03K","0,00%"
"14/04/2020","3.000","3.000","3.000","3.000","0,01K","-3,38%"
"09/04/2020","3.105","3.105","3.105","3.105","0,43K","0,16%"
"08/04/2020","3.100","3.100","3.100","3.100","0,20K","0,00%"
"06/04/2020","3.100","3.100","3.100","3.100","0,01K","0,00%"
"03/04/2020","3.100","3.100","3.100","3.100","0,58K","3,33%"
"02/04/2020","3.000","3.000","3.000","3.000","1,65K","0,00%"
"31/03/2020","3.000","3.000","3.000","3.000","0,44K","0,00%"
"30/03/2020","3.000","3.000","3.000","3.000","0,12K","-0,50%"
"27/03/2020","3.015","3.015","3.015","3.015","0,45K","0,17%"
"26/03/2020","3.010","3.010","3.010","3.010","0,84K","-4,29%"
"25/03/2020","3.145","3.145","3.145","3.145","0,14K","-7,50%"
"24/03/2020","3.400","3.400","3.400","3.400","0,00K","0,00%"
"23/03/2020","3.400","3.400","3.400","3.400","0,07K","-0,15%"
"20/03/2020","3.405","3.405","3.405","3.405","0,12K","-0,29%"
"19/03/2020","3.415","3.415","3.415","3.415","0,14K","0,00%"
"18/03/2020","3.415","3.415","3.415","3.415","0,00K","-2,43%"
"17/03/2020","3.500","3.500","3.500","3.500","0,09K","2,79%"
"16/03/2020","3.405","3.405","3.405","3.405","0,91K","0,00%"
"13/03/2020","3.405","3.405","3.405","3.405","1,25K","0,00%"
"12/03/2020","3.405","3.405","3.405","3.405","0,19K","0,15%"
"11/03/2020","3.400","3.400","3.400","3.400","0,32K","0,00%"
"10/03/2020","3.400","3.400","3.400","3.400","0,59K","-0,15%"
"09/03/2020","3.405","3.405","3.405","3.405","0,71K","-2,58%"
"06/03/2020","3.495","3.495","3.495","3.495","0,14K","-0,14%"
"05/03/2020","3.500","3.500","3.500","3.500","0,02K","2,79%"
"04/03/2020","3.405","3.405","3.405","3.405","7,03K","-2,71%"
"03/03/2020","3.500","3.500","3.500","3.500","0,56K","-5,28%"
"02/03/2020","3.695","3.695","3.695","3.695","0,06K","0,00%"
"28/02/2020","3.695","3.695","3.695","3.695","0,04K","-0,14%"
"27/02/2020","3.700","3.700","3.700","3.700","1,11K","-2,37%"
"26/02/2020","3.790","3.790","3.790","3.790","0,53K","-0,26%"
"25/02/2020","3.800","3.800","3.800","3.800","0,84K","-4,28%"
"21/02/2020","3.970","3.970","3.970","3.970","0,02K","-0,75%"
"20/02/2020","4.000","4.000","4.000","4.000","0,02K","-6,98%"
"17/02/2020","4.300","4.300","4.300","4.300","0,06K","-4,44%"
"14/02/2020","4.500","4.500","4.500","4.500","0,66K","-2,17%"
"12/02/2020","4.600","4.600","4.600","4.600","0,39K","0,00%"
"11/02/2020","4.600","4.600","4.600","4.600","1,28K","-5,15%"
"07/02/2020","4.850","4.850","4.850","4.850","1,08K","0,21%"
"06/02/2020","4.840","4.840","4.840","4.840","0,02K","-7,46%"
"05/02/2020","5.230","5.230","5.230","5.230","0,09K","-7,43%"
"27/01/2020","5.650","5.650","5.650","5.650","0,46K","0,00%"
"24/01/2020","5.650","5.650","5.650","5.650","0,01K","-0,88%"
"23/01/2020","5.700","5.700","5.700","5.700","3,38K","0,88%"
"14/01/2020","5.650","5.650","5.650","5.650","0,41K","-0,88%"
"10/01/2020","5.700","5.700","5.700","5.700","0,01K","-1,64%"
"09/01/2020","5.795","5.795","5.795","5.795","0,03K","-3,34%"
"07/01/2020","5.995","5.995","5.995","5.995","0,02K","-7,34%"
"31/12/2019","6.470","6.470","6.470","6.470","33,11K","7,48%"
"30/12/2019","6.020","6.020","6.020","6.020","23,11K","7,50%"
"27/12/2019","5.600","5.600","5.600","5.600","5,10K","6,26%"
"26/12/2019","5.270","5.270","5.270","5.270","5,03K","7,44%"
"24/12/2019","4.905","4.905","4.905","4.905","25,38K","7,45%"
"20/12/2019","4.565","4.565","4.565","4.565","0,90K","-2,98%"
"18/12/2019","4.705","4.705","4.705","4.705","1,50K","-1,98%"
"17/12/2019","4.800","4.800","4.800","4.800","4,61K","-4,00%"
"16/12/2019","5.000","5.000","5.000","5.000","3,59K","6,38%"
"13/12/2019","4.700","4.700","4.700","4.700","1,87K","4,56%"
"12/12/2019","4.495","4.495","4.495","4.495","1,19K","7,02%"
"11/12/2019","4.200","4.200","4.200","4.200","1,26K","5,00%"
"10/12/2019","4.000","4.000","4.000","4.000","0,83K","5,26%"
"09/12/2019","3.800","3.800","3.800","3.800","1,00K","2,70%"
"06/12/2019","3.700","3.700","3.700","3.700","0,18K","1,37%"
"05/12/2019","3.650","3.650","3.650","3.650","4,82K","4,58%"
"04/12/2019","3.490","3.490","3.490","3.490","0,01K","-0,29%"
"03/12/2019","3.500","3.500","3.500","3.500","0,16K","0,00%"
"02/12/2019","3.500","3.500","3.500","3.500","8,30K","0,29%"
"29/11/2019","3.490","3.490","3.490","3.490","9,50K","2,65%"
"28/11/2019","3.400","3.400","3.400","3.400","0,20K","0,00%"
"27/11/2019","3.400","3.400","3.400","3.400","0,57K","0,00%"
"26/11/2019","3.400","3.400","3.400","3.400","5,70K","3,03%"
"25/11/2019","3.300","3.300","3.300","3.300","1,57K","3,13%"
"22/11/2019","3.200","3.200","3.200","3.200","0,36K","6,67%"
"21/11/2019","3.000","3.000","3.000","3.000","0,15K","0,00%"
"20/11/2019","3.000","3.000","3.000","3.000","0,09K","0,00%"
"19/11/2019","3.000","3.000","3.000","3.000","0,36K","-2,28%"
"18/11/2019","3.070","3.070","3.070","3.070","0,09K","0,66%"
"14/11/2019","3.050","3.050","3.050","3.050","3,65K","-4,39%"
"13/11/2019","3.190","3.190","3.190","3.190","0,13K","-3,33%"
"11/11/2019","3.300","3.300","3.300","3.300","0,03K","-2,94%"
"08/11/2019","3.400","3.400","3.400","3.400","0,03K","-0,87%"
"06/11/2019","3.430","3.430","3.430","3.430","1,02K","4,10%"
"04/11/2019","3.295","3.295","3.295","3.295","0,04K","-0,15%"
"31/10/2019","3.300","3.300","3.300","3.300","0,03K","0,00%"
"30/10/2019","3.300","3.300","3.300","3.300","0,08K","0,00%"
"28/10/2019","3.300","3.300","3.300","3.300","0,89K","5,26%"
"25/10/2019","3.135","3.135","3.135","3.135","0,95K","-1,88%"
"24/10/2019","3.195","3.195","3.195","3.195","0,02K","1,43%"
"23/10/2019","3.150","3.150","3.150","3.150","0,13K","-2,02%"
"22/10/2019","3.215","3.215","3.215","3.215","1,70K","0,00%"
"21/10/2019","3.215","3.215","3.215","3.215","0,03K","0,00%"
"17/10/2019","3.215","3.215","3.215","3.215","0,64K","0,47%"
"16/10/2019","3.200","3.200","3.200","3.200","0,02K","-0,78%"
"15/10/2019","3.225","3.225","3.225","3.225","0,08K","5,39%"
"14/10/2019","3.060","3.060","3.060","3.060","1,13K","3,38%"
"11/10/2019","2.960","2.960","2.960","2.960","0,20K","0,00%"
"10/10/2019","2.960","2.960","2.960","2.960","0,10K","0,68%"
"09/10/2019","2.940","2.940","2.940","2.940","0,59K","5,95%"
"08/10/2019","2.775","2.775","2.775","2.775","0,59K","-3,98%"
"07/10/2019","2.890","2.890","2.890","2.890","0,10K","0,00%"
"04/10/2019","2.890","2.890","2.890","2.890","0,01K","-3,67%"
"03/10/2019","3.000","3.000","3.000","3.000","0,07K","0,00%"
"02/10/2019","3.000","3.000","3.000","3.000","0,05K","3,81%"
"01/10/2019","2.890","2.890","2.890","2.890","2,81K","0,17%"
"30/09/2019","2.885","2.885","2.885","2.885","0,49K","-6,79%"
"27/09/2019","3.095","3.095","3.095","3.095","0,21K","-0,16%"
"26/09/2019","3.100","3.100","3.100","3.100","0,01K","-2,05%"
"25/09/2019","3.165","3.165","3.165","3.165","0,76K","-0,47%"
"24/09/2019","3.180","3.180","3.180","3.180","0,02K","0,00%"
"23/09/2019","3.180","3.180","3.180","3.180","1,74K","0,00%"
"20/09/2019","3.180","3.180","3.180","3.180","0,05K","0,00%"
"19/09/2019","3.180","3.180","3.180","3.180","0,01K","0,00%"
"18/09/2019","3.180","3.180","3.180","3.180","0,15K","5,65%"
"17/09/2019","3.010","3.010","3.010","3.010","0,33K","-5,35%"
"16/09/2019","3.180","3.180","3.180","3.180","0,48K","0,00%"
"13/09/2019","3.180","3.180","3.180","3.180","0,14K","0,00%"
"12/09/2019","3.180","3.180","3.180","3.180","0,03K","-0,31%"
"11/09/2019","3.190","3.190","3.190","3.190","0,29K","-0,31%"
"10/09/2019","3.200","3.200","3.200","3.200","1,15K","0,00%"
"09/09/2019","3.200","3.200","3.200","3.200","0,15K","-0,93%"
"06/09/2019","3.230","3.230","3.230","3.230","0,59K","1,10%"
"05/09/2019","3.195","3.195","3.195","3.195","0,09K","-0,16%"
"04/09/2019","3.200","3.200","3.200","3.200","0,49K","0,00%"
"03/09/2019","3.200","3.200","3.200","3.200","0,14K","0,00%"
"02/09/2019","3.200","3.200","3.200","3.200","0,48K","0,00%"
"30/08/2019","3.200","3.200","3.200","3.200","0,01K","0,00%"
"29/08/2019","3.200","3.200","3.200","3.200","0,41K","-0,93%"
"28/08/2019","3.230","3.230","3.230","3.230","2,11K","0,94%"
"27/08/2019","3.200","3.200","3.200","3.200","1,34K","-1,69%"
"26/08/2019","3.255","3.255","3.255","3.255","0,78K","0,15%"
"23/08/2019","3.250","3.250","3.250","3.250","0,43K","-0,15%"
"22/08/2019","3.255","3.255","3.255","3.255","0,08K","0,00%"
"21/08/2019","3.255","3.255","3.255","3.255","0,51K","0,00%"
"20/08/2019","3.255","3.255","3.255","3.255","0,26K","-0,31%"
"19/08/2019","3.265","3.265","3.265","3.265","1,30K","0,31%"
"16/08/2019","3.255","3.255","3.255","3.255","0,28K","0,15%"
"14/08/2019","3.250","3.250","3.250","3.250","0,51K","0,00%"
"13/08/2019","3.250","3.250","3.250","3.250","0,24K","-1,22%"
"09/08/2019","3.290","3.290","3.290","3.290","0,20K","0,00%"
"08/08/2019","3.290","3.290","3.290","3.290","0,03K","2,33%"
"06/08/2019","3.215","3.215","3.215","3.215","0,12K","0,16%"
"05/08/2019","3.210","3.210","3.210","3.210","0,34K","-2,73%"
"02/08/2019","3.300","3.300","3.300","3.300","0,11K","0,00%"
"01/08/2019","3.300","3.300","3.300","3.300","0,32K","0,00%"
"31/07/2019","3.300","3.300","3.300","3.300","0,15K","0,00%"
"30/07/2019","3.300","3.300","3.300","3.300","1,47K","0,00%"
"29/07/2019","3.300","3.300","3.300","3.300","0,35K","-1,49%"
"26/07/2019","3.350","3.350","3.350","3.350","0,12K","1,52%"
"25/07/2019","3.300","3.300","3.300","3.300","0,36K","0,00%"
"24/07/2019","3.300","3.300","3.300","3.300","0,20K","0,00%"
"23/07/2019","3.300","3.300","3.300","3.300","0,07K","0,00%"
"22/07/2019","3.300","3.300","3.300","3.300","1,73K","0,30%"
"19/07/2019","3.290","3.290","3.290","3.290","0,58K","-0,30%"
"18/07/2019","3.300","3.300","3.300","3.300","0,83K","1,54%"
"17/07/2019","3.250","3.250","3.250","3.250","0,16K","-1,52%"
"16/07/2019","3.300","3.300","3.300","3.300","2,87K","0,00%"
"15/07/2019","3.300","3.300","3.300","3.300","0,05K","-2,65%"
"12/07/2019","3.390","3.390","3.390","3.390","0,28K","0,00%"
"11/07/2019","3.390","3.390","3.390","3.390","2,85K","-0,29%"
"09/07/2019","3.400","3.400","3.400","3.400","0,25K","0,00%"
"08/07/2019","3.400","3.400","3.400","3.400","0,11K","-0,87%"
"05/07/2019","3.430","3.430","3.430","3.430","0,07K","-0,29%"
"04/07/2019","3.440","3.440","3.440","3.440","0,21K","0,00%"
"03/07/2019","3.440","3.440","3.440","3.440","0,09K","0,15%"
"02/07/2019","3.435","3.435","3.435","3.435","0,20K","0,15%"
"01/07/2019","3.430","3.430","3.430","3.430","0,53K","-2,00%"
"28/06/2019","3.500","3.500","3.500","3.500","0,17K","0,00%"
"27/06/2019","3.500","3.500","3.500","3.500","0,11K","0,00%"
"25/06/2019","3.500","3.500","3.500","3.500","0,12K","-2,78%"
"24/06/2019","3.600","3.600","3.600","3.600","0,02K","0,14%"
"21/06/2019","3.595","3.595","3.595","3.595","0,06K","-0,14%"
"20/06/2019","3.600","3.600","3.600","3.600","1,55K","3,00%"
"19/06/2019","3.495","3.495","3.495","3.495","1,39K","-5,54%"
"18/06/2019","3.700","3.700","3.700","3.700","1,05K","0,00%"
"17/06/2019","3.700","3.700","3.700","3.700","0,03K","-0,27%"
"14/06/2019","3.710","3.710","3.710","3.710","0,10K","-0,40%"
"13/06/2019","3.725","3.725","3.725","3.725","0,33K","0,00%"
"12/06/2019","3.725","3.725","3.725","3.725","0,21K","0,00%"
"11/06/2019","3.725","3.725","3.725","3.725","0,93K","0,00%"
"07/06/2019","3.725","3.725","3.725","3.725","0,17K","-1,84%"
"06/06/2019","3.795","3.795","3.795","3.795","0,17K","-0,13%"
"05/06/2019","3.800","3.800","3.800","3.800","0,52K","0,00%"
"03/06/2019","3.800","3.800","3.800","3.800","0,54K","0,00%"
"31/05/2019","3.800","3.800","3.800","3.800","0,12K","2,43%"
"29/05/2019","3.710","3.710","3.710","3.710","0,13K","-0,13%"
"28/05/2019","3.715","3.715","3.715","3.715","0,02K","-2,24%"
"27/05/2019","3.800","3.800","3.800","3.800","0,11K","1,33%"
"24/05/2019","3.750","3.750","3.750","3.750","0,07K","-1,32%"
"23/05/2019","3.800","3.800","3.800","3.800","0,28K","-3,80%"
"21/05/2019","3.950","3.950","3.950","3.950","0,04K","0,00%"
"20/05/2019","3.950","3.950","3.950","3.950","0,02K","6,47%"
"17/05/2019","3.710","3.710","3.710","3.710","0,19K","0,00%"
"16/05/2019","3.710","3.710","3.710","3.710","0,31K","-2,37%"
"15/05/2019","3.800","3.800","3.800","3.800","0,06K","0,00%"
"14/05/2019","3.800","3.800","3.800","3.800","0,24K","2,70%"
"13/05/2019","3.700","3.700","3.700","3.700","0,15K","2,78%"
"10/05/2019","3.600","3.600","3.600","3.600","0,01K","0,00%"
"09/05/2019","3.600","3.600","3.600","3.600","0,02K","-2,70%"
"08/05/2019","3.700","3.700","3.700","3.700","2,57K","3,21%"
"07/05/2019","3.585","3.585","3.585","3.585","0,30K","0,00%"
"06/05/2019","3.585","3.585","3.585","3.585","1,41K","-2,98%"
"03/05/2019","3.695","3.695","3.695","3.695","1,00K","-2,76%"
"02/05/2019","3.800","3.800","3.800","3.800","1,68K","-2,56%"
"30/04/2019","3.900","3.900","3.900","3.900","0,33K","0,00%"
"29/04/2019","3.900","3.900","3.900","3.900","0,06K","-2,26%"
"26/04/2019","3.990","3.990","3.990","3.990","0,44K","-0,25%"
"25/04/2019","4.000","4.000","4.000","4.000","4,34K","2,56%"
"24/04/2019","3.900","3.900","3.900","3.900","0,69K","-1,27%"
"23/04/2019","3.950","3.950","3.950","3.950","1,23K","1,28%"
"19/04/2019","3.900","3.900","3.900","3.900","0,04K","0,00%"
"18/04/2019","3.900","3.900","3.900","3.900","0,09K","-1,27%"
"17/04/2019","3.950","3.950","3.950","3.950","0,59K","1,28%"
"16/04/2019","3.900","3.900","3.900","3.900","0,31K","-1,27%"
"15/04/2019","3.950","3.950","3.950","3.950","0,22K","0,00%"
"12/04/2019","3.950","3.950","3.950","3.950","0,18K","0,00%"
"11/04/2019","3.950","3.950","3.950","3.950","0,06K","0,00%"
"10/04/2019","3.950","3.950","3.950","3.950","0,99K","-0,38%"
"09/04/2019","3.965","3.965","3.965","3.965","0,24K","0,00%"
"08/04/2019","3.965","3.965","3.965","3.965","0,43K","0,00%"
"05/04/2019","3.965","3.965","3.965","3.965","0,28K","0,38%"
"04/04/2019","3.950","3.950","3.950","3.950","1,44K","-1,25%"
"03/04/2019","4.000","4.000","4.000","4.000","0,32K","2,17%"
"02/04/2019","3.915","3.915","3.915","3.915","0,75K","5,81%"
"01/04/2019","3.700","3.700","3.700","3.700","0,15K","2,78%"
"29/03/2019","3.600","3.600","3.600","3.600","4,54K","2,86%"
"28/03/2019","3.500","3.500","3.500","3.500","0,28K","0,00%"
"27/03/2019","3.500","3.500","3.500","3.500","3,89K","-2,64%"
"26/03/2019","3.595","3.595","3.595","3.595","7,28K","2,71%"
"25/03/2019","3.500","3.500","3.500","3.500","0,37K","-5,02%"
"22/03/2019","3.685","3.685","3.685","3.685","0,16K","-0,27%"
"21/03/2019","3.695","3.695","3.695","3.695","0,10K","-0,14%"
"20/03/2019","3.700","3.700","3.700","3.700","2,18K","0,00%"
"19/03/2019","3.700","3.700","3.700","3.700","2,34K","-7,38%"
"18/03/2019","3.995","3.995","3.995","3.995","0,91K","-0,13%"
"15/03/2019","4.000","4.000","4.000","4.000","0,67K","-4,65%"
"14/03/2019","4.195","4.195","4.195","4.195","3,49K","2,44%"
"13/03/2019","4.095","4.095","4.095","4.095","1,30K","-2,73%"
"12/03/2019","4.210","4.210","4.210","4.210","0,54K","-7,47%"
"08/03/2019","4.550","4.550","4.550","4.550","2,06K","7,06%"
"07/03/2019","4.250","4.250","4.250","4.250","0,36K","-5,56%"
"06/03/2019","4.500","4.500","4.500","4.500","0,25K","0,11%"
"05/03/2019","4.495","4.495","4.495","4.495","0,07K","1,01%"
"04/03/2019","4.450","4.450","4.450","4.450","0,10K","-1,00%"
"01/03/2019","4.495","4.495","4.495","4.495","0,06K","1,01%"
"28/02/2019","4.450","4.450","4.450","4.450","0,05K","-7,29%"
"27/02/2019","4.800","4.800","4.800","4.800","0,10K","6,67%"
"26/02/2019","4.500","4.500","4.500","4.500","0,39K","0,00%"
"25/02/2019","4.500","4.500","4.500","4.500","0,11K","1,12%"
"22/02/2019","4.450","4.450","4.450","4.450","2,79K","5,95%"
"21/02/2019","4.200","4.200","4.200","4.200","1,56K","-0,71%"
"20/02/2019","4.230","4.230","4.230","4.230","2,47K","7,50%"
"19/02/2019","3.935","3.935","3.935","3.935","4,95K","-7,41%"
"18/02/2019","4.250","4.250","4.250","4.250","0,37K","0,00%"
"15/02/2019","4.250","4.250","4.250","4.250","0,05K","-2,30%"
"14/02/2019","4.350","4.350","4.350","4.350","0,21K","-0,23%"
"13/02/2019","4.360","4.360","4.360","4.360","0,24K","-0,91%"
"12/02/2019","4.400","4.400","4.400","4.400","0,20K","0,00%"
"11/02/2019","4.400","4.400","4.400","4.400","0,67K","-1,79%"
"08/02/2019","4.480","4.480","4.480","4.480","0,43K","0,22%"
"07/02/2019","4.470","4.470","4.470","4.470","0,04K","-0,33%"
"06/02/2019","4.485","4.485","4.485","4.485","0,12K","-0,33%"
"05/02/2019","4.500","4.500","4.500","4.500","0,44K","-5,26%"
"04/02/2019","4.750","4.750","4.750","4.750","1,27K","0,00%"
"01/02/2019","4.750","4.750","4.750","4.750","0,23K","-0,94%"
"31/01/2019","4.795","4.795","4.795","4.795","0,25K","-4,10%"
"30/01/2019","5.000","5.000","5.000","5.000","0,02K","2,04%"
"29/01/2019","4.900","4.900","4.900","4.900","2,03K","4,26%"
"28/01/2019","4.700","4.700","4.700","4.700","0,22K","-6,09%"
"25/01/2019","5.005","5.005","5.005","5.005","0,04K","0,00%"
"24/01/2019","5.005","5.005","5.005","5.005","0,54K","0,10%"
"23/01/2019","5.000","5.000","5.000","5.000","0,04K","0,00%"
"22/01/2019","5.000","5.000","5.000","5.000","0,28K","-2,91%"
"21/01/2019","5.150","5.150","5.150","5.150","0,07K","0,00%"
"18/01/2019","5.150","5.150","5.150","5.150","0,16K","0,00%"
"17/01/2019","5.150","5.150","5.150","5.150","0,02K","-6,36%"
"16/01/2019","5.500","5.500","5.500","5.500","0,15K","1,85%"
"15/01/2019","5.400","5.400","5.400","5.400","0,14K","-2,70%"
"14/01/2019","5.550","5.550","5.550","5.550","0,01K","0,00%"
"11/01/2019","5.550","5.550","5.550","5.550","0,15K","-0,89%"
"10/01/2019","5.600","5.600","5.600","5.600","0,35K","-3,20%"
"09/01/2019","5.785","5.785","5.785","5.785","1,10K","-0,26%"
"08/01/2019","5.800","5.800","5.800","5.800","0,06K","-3,33%"
"07/01/2019","6.000","6.000","6.000","6.000","0,24K","0,00%"
"04/01/2019","6.000","6.000","6.000","6.000","0,20K","0,00%"
"03/01/2019","6.000","6.000","6.000","6.000","1,06K","0,00%"
"02/01/2019","6.000","6.000","6.000","6.000","1,50K","0,00%"
"28/12/2018","6.000","6.000","6.000","6.000","2,83K","1,27%"
"27/12/2018","5.925","5.925","5.925","5.925","0,00K","0,00%"
"26/12/2018","5.925","5.925","5.925","5.925","0,15K","0,00%"
"24/12/2018","5.925","5.925","5.925","5.925","0,08K","0,00%"
"21/12/2018","5.925","5.925","5.925","5.925","0,23K","0,42%"
"20/12/2018","5.900","5.900","5.900","5.900","1,01K","0,00%"
"19/12/2018","5.900","5.900","5.900","5.900","0,60K","0,00%"
"18/12/2018","5.900","5.900","5.900","5.900","0,24K","-0,84%"
"17/12/2018","5.950","5.950","5.950","5.950","0,01K","0,00%"
"14/12/2018","5.950","5.950","5.950","5.950","2,15K","-0,08%"
"13/12/2018","5.955","5.955","5.955","5.955","0,08K","-0,17%"
"12/12/2018","5.965","5.965","5.965","5.965","0,11K","7,48%"
"11/12/2018","5.550","5.550","5.550","5.550","0,95K","-7,50%"
"10/12/2018","6.000","6.000","6.000","6.000","0,80K","0,00%"
"06/12/2018","6.000","6.000","6.000","6.000","1,04K","0,00%"
"03/12/2018","6.000","6.000","6.000","6.000","0,22K","-2,44%"
"29/11/2018","6.150","6.150","6.150","6.150","0,06K","-0,40%"
"28/11/2018","6.175","6.175","6.175","6.175","0,10K","-0,40%"
"27/11/2018","6.200","6.200","6.200","6.200","0,52K","0,00%"
"26/11/2018","6.200","6.200","6.200","6.200","1,56K","-0,72%"
"23/11/2018","6.245","6.245","6.245","6.245","1,25K","-0,87%"
"22/11/2018","6.300","6.300","6.300","6.300","0,32K","-0,94%"
"21/11/2018","6.360","6.360","6.360","6.360","0,10K","-2,15%"
"19/11/2018","6.500","6.500","6.500","6.500","0,13K","3,34%"
"16/11/2018","6.290","6.290","6.290","6.290","6,18K","-7,43%"
"14/11/2018","6.795","6.795","6.795","6.795","3,04K","-0,66%"
"08/11/2018","6.840","6.840","6.840","6.840","0,65K","0,00%"
"07/11/2018","6.840","6.840","6.840","6.840","0,34K","-0,44%"
"06/11/2018","6.870","6.870","6.870","6.870","3,02K","0,37%"
"05/11/2018","6.845","6.845","6.845","6.845","0,02K","-0,65%"
"02/11/2018","6.890","6.890","6.890","6.890","1,37K","-1,57%"
"31/10/2018","7.000","7.000","7.000","7.000","11,25K","0,36%"
"30/10/2018","6.975","6.975","6.975","6.975","0,32K","0,00%"
"26/10/2018","6.975","6.975","6.975","6.975","0,85K","-0,14%"
"25/10/2018","6.985","6.985","6.985","6.985","0,35K","-0,21%"
"24/10/2018","7.000","7.000","7.000","7.000","2,63K","0,14%"
"23/10/2018","6.990","6.990","6.990","6.990","11,23K","0,14%"
"22/10/2018","6.980","6.980","6.980","6.980","1,64K","-0,29%"
"19/10/2018","7.000","7.000","7.000","7.000","0,06K","-1,69%"
"17/10/2018","7.120","7.120","7.120","7.120","0,08K","-0,90%"
"15/10/2018","7.185","7.185","7.185","7.185","0,17K","-0,14%"
"12/10/2018","7.195","7.195","7.195","7.195","1,05K","-0,07%"
"11/10/2018","7.200","7.200","7.200","7.200","0,94K","-1,10%"
"08/10/2018","7.280","7.280","7.280","7.280","0,19K","0,00%"
"05/10/2018","7.280","7.280","7.280","7.280","7,66K","0,00%"
"04/10/2018","7.280","7.280","7.280","7.280","0,44K","-0,14%"
"03/10/2018","7.290","7.290","7.290","7.290","0,30K","0,00%"
"02/10/2018","7.290","7.290","7.290","7.290","0,35K","0,00%"
"01/10/2018","7.290","7.290","7.290","7.290","0,98K","-0,14%"
"28/09/2018","7.300","7.300","7.300","7.300","0,53K","-1,35%"
"26/09/2018","7.400","7.400","7.400","7.400","4,84K","0,07%"
"25/09/2018","7.395","7.395","7.395","7.395","0,87K","-0,60%"
"24/09/2018","7.440","7.440","7.440","7.440","1,38K","-0,13%"
"21/09/2018","7.450","7.450","7.450","7.450","0,11K","-0,60%"
"20/09/2018","7.495","7.495","7.495","7.495","0,26K","-1,38%"
"19/09/2018","7.600","7.600","7.600","7.600","3,51K","0,07%"
"18/09/2018","7.595","7.595","7.595","7.595","2,38K","-0,07%"
"17/09/2018","7.600","7.600","7.600","7.600","0,62K","0,00%"
"14/09/2018","7.600","7.600","7.600","7.600","1,15K","-1,17%"
"13/09/2018","7.690","7.690","7.690","7.690","3,96K","1,18%"
"12/09/2018","7.600","7.600","7.600","7.600","3,74K","0,00%"
"11/09/2018","7.600","7.600","7.600","7.600","2,96K","-0,33%"
"10/09/2018","7.625","7.625","7.625","7.625","3,80K","-2,24%"
"07/09/2018","7.800","7.800","7.800","7.800","1,61K","0,06%"
"06/09/2018","7.795","7.795","7.795","7.795","5,26K","-0,06%"
"05/09/2018","7.800","7.800","7.800","7.800","0,99K","0,00%"
"04/09/2018","7.800","7.800","7.800","7.800","1,35K","0,00%"
"03/09/2018","7.800","7.800","7.800","7.800","6,68K","-0,13%"
"31/08/2018","7.810","7.810","7.810","7.810","0,26K","0,13%"
"30/08/2018","7.800","7.800","7.800","7.800","0,86K","-1,27%"
"29/08/2018","7.900","7.900","7.900","7.900","0,24K","0,00%"
"28/08/2018","7.900","7.900","7.900","7.900","0,41K","-0,50%"
"27/08/2018","7.940","7.940","7.940","7.940","1,09K","-0,13%"
"24/08/2018","7.950","7.950","7.950","7.950","0,22K","-0,63%"
"23/08/2018","8.000","8.000","8.000","8.000","7,45K","0,76%"
"22/08/2018","7.940","7.940","7.940","7.940","0,39K","-0,69%"
"20/08/2018","7.995","7.995","7.995","7.995","0,11K","-0,06%"
"17/08/2018","8.000","8.000","8.000","8.000","1,81K","0,00%"
"16/08/2018","8.000","8.000","8.000","8.000","3,40K","0,00%"
"14/08/2018","8.000","8.000","8.000","8.000","1,44K","0,00%"
"13/08/2018","8.000","8.000","8.000","8.000","2,13K","0,57%"
"10/08/2018","7.955","7.955","7.955","7.955","10,05K","7,50%"
"09/08/2018","7.400","7.400","7.400","7.400","4,80K","-7,50%"
"08/08/2018","8.000","8.000","8.000","8.000","2,78K","0,00%"
"03/08/2018","8.000","8.000","8.000","8.000","2,34K","0,13%"
"02/08/2018","7.990","7.990","7.990","7.990","4,48K","-0,13%"
"01/08/2018","8.000","8.000","8.000","8.000","1,67K","-0,06%"
"31/07/2018","8.005","8.005","8.005","8.005","1,03K","0,06%"
"30/07/2018","8.000","8.000","8.000","8.000","0,85K","-4,71%"
"27/07/2018","8.395","8.395","8.395","8.395","4,06K","-1,18%"
"26/07/2018","8.495","8.495","8.495","8.495","0,22K","0,00%"
"25/07/2018","8.495","8.495","8.495","8.495","1,80K","6,19%"
"24/07/2018","8.000","8.000","8.000","8.000","0,10K","-1,84%"
"23/07/2018","8.150","8.150","8.150","8.150","0,56K","1,81%"
"20/07/2018","8.005","8.005","8.005","8.005","3,17K","-0,06%"
"19/07/2018","8.010","8.010","8.010","8.010","1,49K","-1,11%"
"18/07/2018","8.100","8.100","8.100","8.100","0,18K","-0,06%"
"17/07/2018","8.105","8.105","8.105","8.105","0,46K","-2,35%"
"16/07/2018","8.300","8.300","8.300","8.300","1,59K","3,04%"
"13/07/2018","8.055","8.055","8.055","8.055","0,58K","0,69%"
"12/07/2018","8.000","8.000","8.000","8.000","1,96K","-0,68%"
"11/07/2018","8.055","8.055","8.055","8.055","0,22K","0,62%"
"10/07/2018","8.005","8.005","8.005","8.005","1,00K","-2,79%"
"09/07/2018","8.235","8.235","8.235","8.235","0,68K","0,43%"
"06/07/2018","8.200","8.200","8.200","8.200","1,01K","-0,06%"
"05/07/2018","8.205","8.205","8.205","8.205","0,72K","0,06%"
"04/07/2018","8.200","8.200","8.200","8.200","0,17K","-1,20%"
"03/07/2018","8.300","8.300","8.300","8.300","7,78K","0,00%"
"02/07/2018","8.300","8.300","8.300","8.300","1,08K","0,91%"
"29/06/2018","8.225","8.225","8.225","8.225","1,10K","-0,90%"
"28/06/2018","8.300","8.300","8.300","8.300","1,71K","-1,19%"
"27/06/2018","8.400","8.400","8.400","8.400","1,13K","2,38%"
"26/06/2018","8.205","8.205","8.205","8.205","0,74K","-5,58%"
"25/06/2018","8.690","8.690","8.690","8.690","0,09K","-0,74%"
"22/06/2018","8.755","8.755","8.755","8.755","1,30K","-0,51%"
"21/06/2018","8.800","8.800","8.800","8.800","0,20K","-7,37%"
"20/06/2018","9.500","9.500","9.500","9.500","107,93K","2,15%"
"19/06/2018","9.300","9.300","9.300","9.300","19,33K","1,09%"
"18/06/2018","9.200","9.200","9.200","9.200","3,80K","0,00%"
"15/06/2018","9.200","9.200","9.200","9.200","10,34K","2,22%"
"13/06/2018","9.000","9.000","9.000","9.000","1,26K","0,00%"
"12/06/2018","9.000","9.000","9.000","9.000","4,11K","1,12%"
"08/06/2018","8.900","8.900","8.900","8.900","4,32K","0,00%"
"07/06/2018","8.900","8.900","8.900","8.900","2,42K","0,00%"
"06/06/2018","8.900","8.900","8.900","8.900","1,47K","0,00%"
"05/06/2018","8.900","8.900","8.900","8.900","45,80K","0,00%"
"04/06/2018","8.900","8.900","8.900","8.900","0,85K","0,00%"
"01/06/2018","8.900","8.900","8.900","8.900","7,66K","0,00%"
"31/05/2018","8.900","8.900","8.900","8.900","4,49K","1,71%"
"30/05/2018","8.750","8.750","8.750","8.750","13,70K","-1,69%"
"29/05/2018","8.900","8.900","8.900","8.900","12,06K","0,00%"
"28/05/2018","8.900","8.900","8.900","8.900","7,28K","0,00%"
"25/05/2018","8.900","8.900","8.900","8.900","9,04K","0,00%"
"24/05/2018","8.900","8.900","8.900","8.900","4,74K","0,56%"
"23/05/2018","8.850","8.850","8.850","8.850","0,80K","-0,56%"
"22/05/2018","8.900","8.900","8.900","8.900","0,92K","0,00%"
"18/05/2018","8.900","8.900","8.900","8.900","63,22K","0,00%"
"17/05/2018","8.900","8.900","8.900","8.900","1,42K","0,00%"
"16/05/2018","8.900","8.900","8.900","8.900","28,34K","0,00%"
"15/05/2018","8.900","8.900","8.900","8.900","1,23K","0,00%"
"14/05/2018","8.900","8.900","8.900","8.900","1,58K","0,00%"
"11/05/2018","8.900","8.900","8.900","8.900","81,38K","4,71%"
"09/05/2018","8.500","8.500","8.500","8.500","1,51K","0,00%"
"08/05/2018","8.500","8.500","8.500","8.500","8,31K","1,19%"
"07/05/2018","8.400","8.400","8.400","8.400","11,37K","5,00%"
"04/05/2018","8.000","8.000","8.000","8.000","41,81K","-2,44%"
"03/05/2018","8.200","8.200","8.200","8.200","16,57K","1,23%"
"02/05/2018","8.100","8.100","8.100","8.100","6,72K","1,25%"
"30/04/2018","8.000","8.000","8.000","8.000","0,08K","0,00%"
"27/04/2018","8.000","8.000","8.000","8.000","0,01K","0,00%"
"26/04/2018","8.000","8.000","8.000","8.000","1,95K","-0,99%"
"25/04/2018","8.080","8.080","8.080","8.080","15,94K","1,00%"
"24/04/2018","8.000","8.000","8.000","8.000","8,56K","0,00%"
"23/04/2018","8.000","8.000","8.000","8.000","45,87K","-0,62%"
"20/04/2018","8.050","8.050","8.050","8.050","8,04K","0,63%"
"19/04/2018","8.000","8.000","8.000","8.000","3,84K","0,00%"
"18/04/2018","8.000","8.000","8.000","8.000","2,79K","0,00%"
"17/04/2018","8.000","8.000","8.000","8.000","0,79K","-1,23%"
"16/04/2018","8.100","8.100","8.100","8.100","10,67K","0,00%"
"13/04/2018","8.100","8.100","8.100","8.100","18,40K","0,00%"
"12/04/2018","8.100","8.100","8.100","8.100","5,72K","0,00%"
"11/04/2018","8.100","8.100","8.100","8.100","2,28K","-0,61%"
"10/04/2018","8.150","8.150","8.150","8.150","3,60K","0,00%"
"09/04/2018","8.150","8.150","8.150","8.150","0,55K","0,00%"
"06/04/2018","8.150","8.150","8.150","8.150","3,96K","0,00%"
"05/04/2018","8.150","8.150","8.150","8.150","1,35K","0,00%"
"04/04/2018","8.150","8.150","8.150","8.150","63,29K","-0,61%"
"03/04/2018","8.200","8.200","8.200","8.200","1,81K","0,00%"
"30/03/2018","8.200","8.200","8.200","8.200","1,94K","0,61%"
"29/03/2018","8.150","8.150","8.150","8.150","1,71K","-0,37%"
"28/03/2018","8.180","8.180","8.180","8.180","2,18K","-0,12%"
"27/03/2018","8.190","8.190","8.190","8.190","0,35K","-0,12%"
"26/03/2018","8.200","8.200","8.200","8.200","7,00K","-0,49%"
"23/03/2018","8.240","8.240","8.240","8.240","2,06K","0,49%"
"22/03/2018","8.200","8.200","8.200","8.200","2,79K","0,00%"
"21/03/2018","8.200","8.200","8.200","8.200","1,13K","-1,09%"
"20/03/2018","8.290","8.290","8.290","8.290","0,59K","0,00%"
"19/03/2018","8.290","8.290","8.290","8.290","0,24K","-0,06%"
"16/03/2018","8.295","8.295","8.295","8.295","0,56K","0,00%"
"15/03/2018","8.295","8.295","8.295","8.295","3,36K","0,00%"
"14/03/2018","8.295","8.295","8.295","8.295","2,14K","2,09%"
"13/03/2018","8.125","8.125","8.125","8.125","0,64K","-2,05%"
"12/03/2018","8.295","8.295","8.295","8.295","1,19K","-0,06%"
"09/03/2018","8.300","8.300","8.300","8.300","0,69K","0,06%"
"08/03/2018","8.295","8.295","8.295","8.295","0,47K","0,00%"
"07/03/2018","8.295","8.295","8.295","8.295","2,24K","-1,13%"
"06/03/2018","8.390","8.390","8.390","8.390","3,80K","-0,06%"
"05/03/2018","8.395","8.395","8.395","8.395","1,35K","-0,06%"
"02/03/2018","8.400","8.400","8.400","8.400","5,54K","0,00%"
"01/03/2018","8.400","8.400","8.400","8.400","0,79K","0,00%"
"28/02/2018","8.400","8.400","8.400","8.400","1,82K","0,06%"
"27/02/2018","8.395","8.395","8.395","8.395","0,58K","0,00%"
"26/02/2018","8.395","8.395","8.395","8.395","1,49K","-0,06%"
"23/02/2018","8.400","8.400","8.400","8.400","1,06K","0,00%"
"22/02/2018","8.400","8.400","8.400","8.400","0,60K","0,00%"
"21/02/2018","8.400","8.400","8.400","8.400","1,50K","0,00%"
"20/02/2018","8.400","8.400","8.400","8.400","2,72K","0,60%"
"19/02/2018","8.350","8.350","8.350","8.350","2,40K","-1,12%"
"16/02/2018","8.445","8.445","8.445","8.445","1,14K","-0,06%"
"15/02/2018","8.450","8.450","8.450","8.450","1,60K","0,12%"
"14/02/2018","8.440","8.440","8.440","8.440","0,29K","-0,12%"
"13/02/2018","8.450","8.450","8.450","8.450","0,78K","-0,47%"
"12/02/2018","8.490","8.490","8.490","8.490","0,36K","-0,12%"
"09/02/2018","8.500","8.500","8.500","8.500","0,29K","0,00%"
"08/02/2018","8.500","8.500","8.500","8.500","1,39K","0,00%"
"07/02/2018","8.500","8.500","8.500","8.500","11,51K","0,00%"
"06/02/2018","8.500","8.500","8.500","8.500","1,18K","1,19%"
"05/02/2018","8.400","8.400","8.400","8.400","0,30K","-4,55%"
"02/02/2018","8.800","8.800","8.800","8.800","4,91K","0,00%"
"01/02/2018","8.800","8.800","8.800","8.800","17,34K","4,76%"
"31/01/2018","8.400","8.400","8.400","8.400","6,67K","3,07%"
"30/01/2018","8.150","8.150","8.150","8.150","1,24K","-1,81%"
"29/01/2018","8.300","8.300","8.300","8.300","0,97K","-1,19%"
"26/01/2018","8.400","8.400","8.400","8.400","0,53K","0,00%"
"25/01/2018","8.400","8.400","8.400","8.400","4,34K","0,00%"
"24/01/2018","8.400","8.400","8.400","8.400","0,21K","-2,33%"
"23/01/2018","8.600","8.600","8.600","8.600","2,57K","1,18%"
"22/01/2018","8.500","8.500","8.500","8.500","0,42K","-2,24%"
"19/01/2018","8.695","8.695","8.695","8.695","1,03K","-0,06%"
"18/01/2018","8.700","8.700","8.700","8.700","5,16K","0,00%"
"17/01/2018","8.700","8.700","8.700","8.700","0,70K","0,00%"
"16/01/2018","8.700","8.700","8.700","8.700","0,58K","0,00%"
"15/01/2018","8.700","8.700","8.700","8.700","0,30K","0,00%"
"12/01/2018","8.700","8.700","8.700","8.700","1,27K","-1,58%"
"11/01/2018","8.840","8.840","8.840","8.840","1,77K","-0,06%"
"10/01/2018","8.845","8.845","8.845","8.845","0,41K","1,09%"
"09/01/2018","8.750","8.750","8.750","8.750","0,66K","-0,57%"
"08/01/2018","8.800","8.800","8.800","8.800","0,92K","-0,90%"
"05/01/2018","8.880","8.880","8.880","8.880","3,30K","-0,22%"
"04/01/2018","8.900","8.900","8.900","8.900","2,38K","1,60%"
"03/01/2018","8.760","8.760","8.760","8.760","1,82K","-2,67%"
"02/01/2018","9.000","9.000","9.000","9.000","0,15K","-6,83%"
"29/12/2017","9.660","9.660","9.660","9.660","99,39K","7,45%"
"28/12/2017","8.990","8.990","8.990","8.990","2,13K","-0,11%"
"27/12/2017","9.000","9.000","9.000","9.000","7,47K","0,00%"
"26/12/2017","9.000","9.000","9.000","9.000","12,72K","1,12%"
"22/12/2017","8.900","8.900","8.900","8.900","4,07K","1,19%"
"21/12/2017","8.795","8.795","8.795","8.795","1,71K","-1,68%"
"20/12/2017","8.945","8.945","8.945","8.945","11,24K","-0,06%"
"19/12/2017","8.950","8.950","8.950","8.950","4,94K","-0,44%"
"18/12/2017","8.990","8.990","8.990","8.990","1,76K","-0,11%"
"15/12/2017","9.000","9.000","9.000","9.000","8,16K","1,12%"
"14/12/2017","8.900","8.900","8.900","8.900","3,29K","-1,00%"
"13/12/2017","8.990","8.990","8.990","8.990","0,46K","-0,11%"
"12/12/2017","9.000","9.000","9.000","9.000","9,70K","0,00%"
"11/12/2017","9.000","9.000","9.000","9.000","16,17K","0,00%"
"08/12/2017","9.000","9.000","9.000","9.000","5,86K","0,00%"
"07/12/2017","9.000","9.000","9.000","9.000","6,20K","0,00%"
"06/12/2017","9.000","9.000","9.000","9.000","7,91K","0,00%"
"05/12/2017","9.000","9.000","9.000","9.000","5,60K","0,00%"
"04/12/2017","9.000","9.000","9.000","9.000","2,69K","0,00%"
"30/11/2017","9.000","9.000","9.000","9.000","10,76K","-0,06%"
"29/11/2017","9.005","9.005","9.005","9.005","1,34K","-0,17%"
"28/11/2017","9.020","9.020","9.020","9.020","34,12K","-0,17%"
"27/11/2017","9.035","9.035","9.035","9.035","1,72K","-0,06%"
"24/11/2017","9.040","9.040","9.040","9.040","4,16K","0,00%"
"23/11/2017","9.040","9.040","9.040","9.040","6,01K","-0,11%"
"22/11/2017","9.050","9.050","9.050","9.050","60,79K","-0,22%"
"21/11/2017","9.070","9.070","9.070","9.070","1,47K","-0,06%"
"20/11/2017","9.075","9.075","9.075","9.075","1,02K","-0,11%"
"17/11/2017","9.085","9.085","9.085","9.085","10,88K","-0,06%"
"16/11/2017","9.090","9.090","9.090","9.090","7,23K","-0,60%"
"14/11/2017","9.145","9.145","9.145","9.145","14,58K","0,49%"
"13/11/2017","9.100","9.100","9.100","9.100","0,89K","-1,09%"
"10/11/2017","9.200","9.200","9.200","9.200","5,21K","-1,50%"
"09/11/2017","9.340","9.340","9.340","9.340","43,28K","1,30%"
"08/11/2017","9.220","9.220","9.220","9.220","5,43K","-1,91%"
"07/11/2017","9.400","9.400","9.400","9.400","13,47K","-0,27%"
"06/11/2017","9.425","9.425","9.425","9.425","6,48K","-0,11%"
"03/11/2017","9.435","9.435","9.435","9.435","20,61K","-4,60%"
"02/11/2017","9.890","9.890","9.890","9.890","5,09K","-1,10%"
"31/10/2017","10.000","10.000","10.000","10.000","20,37K","3,09%"
"30/10/2017","9.700","9.700","9.700","9.700","20,41K","6,42%"
"27/10/2017","9.115","9.115","9.115","9.115","18,29K","-7,46%"
"26/10/2017","9.850","9.850","9.850","9.850","61,56K","-5,29%"
"25/10/2017","10.400","10.400","10.400","10.400","18,44K","7,49%"